"Organic Matter (OM), %","Phosphorus (P), ppm","Potassium [K], ppm",ID,956.77,962.77,968.77,974.76,980.75,986.74,992.73,998.72,1004.71,1010.7,1016.68,1022.67,1028.65,1034.63,1040.61,1046.59,1052.57,1058.55,1064.53,1070.5,1076.47,1082.45,1088.42,1094.39,1100.36,1106.33,1112.29,1118.26,1124.22,1130.19,1136.15,1142.11,1148.07,1154.03,1159.99,1165.94,1171.9,1177.85,1183.8,1189.76,1195.71,1201.65,1207.6,1213.55,1219.5,1225.44,1231.38,1237.33,1243.27,1249.21,1255.15,1261.08,1267.02,1272.95,1278.89,1284.82,1290.75,1296.68,1302.61,1308.54,1314.47,1320.39,1326.32,1332.24,1338.16,1344.08,1350,1355.92,1361.84,1367.76,1373.67,1379.59,1385.5,1391.41,1397.32,1403.23,1409.14,1415.05,1420.95,1426.86,1432.76,1438.66,1444.56,1450.46,1456.36,1462.26,1468.16,1474.05,1479.95,1485.84,1491.73,1497.62
2,0.84,398.82,GYG_S01_00-30,61.495182,61.4261,61.237083,60.714325,60.67332,60.62061,60.407204,60.111923,59.8047,59.763435,59.44918,59.31054,59.192463,59.1751,58.98257,58.992413,59.07001,59.038147,58.91635,58.9317,58.7912,59.02865,59.217236,59.12372,58.792828,59.101463,59.180725,59.02755,58.68413,58.843815,58.761528,58.82994,58.909954,59.257183,59.71548,60.026653,60.31305,60.552895,60.835567,61.07749,61.00138,60.757587,60.344822,60.105408,59.924706,59.74093,59.448677,59.130672,59.107754,59.228268,59.162106,58.86395,58.564617,58.935757,59.356216,59.324512,59.269123,59.42115,59.205086,58.90641,58.83641,58.705048,58.60459,58.896416,59.08531,59.08444,59.22822,59.273693,59.087234,59.142136,59.41901,59.96128,59.8814,59.632355,59.295147,59.009155,58.235363,57.803036,57.814034,57.98949,58.167145,58.148354,57.913715,58.128284,58.395393,58.55937,58.61813,59.140022,59.266205,59.48666,59.635242,59.79858
0.8,0.7,871.93,GYG_S01_31-60,67.707115,67.555824,67.28554,66.753426,66.575615,66.52278,66.4776,66.17804,65.816696,65.83844,65.7068,65.56513,65.45573,65.397606,65.26474,65.24145,65.39752,65.28383,65.292175,65.30044,65.211555,65.334625,65.503746,65.377525,65.13931,65.452835,65.59372,65.57813,65.34705,65.43232,65.505844,65.66869,65.62418,65.80558,66.36707,66.928894,67.20915,67.36245,67.500854,67.842094,67.812744,67.63302,67.12836,66.857765,66.56511,66.354774,66.06671,65.87851,65.93091,65.93541,65.84414,65.68643,65.46838,65.54955,65.819016,65.99272,66.06731,66.18987,65.96784,65.53434,65.478455,65.510124,65.575806,65.70028,65.881386,66.00146,66.0608,66.22665,66.174,66.44325,66.69652,67.13534,67.101746,66.86594,66.579025,66.20225,65.54589,65.06612,65.08416,65.19635,65.252655,65.29091,65.39894,65.691055,65.751015,65.819664,65.92844,66.440636,66.65518,66.940155,67.04724,67.18994
2.02,0.82,434.01,GYG_S02_00-30,60.49186,60.471767,60.278442,59.768044,59.53851,59.425503,59.43013,59.23026,58.893845,58.72035,58.474594,58.248215,58.202694,58.149776,58.090378,58.014454,58.169617,57.998768,58.071342,58.175304,58.174564,58.277046,58.368183,58.252193,57.988438,58.27684,58.381805,58.337124,58.123997,58.136787,58.14226,58.20451,58.27461,58.496525,59.014107,59.489433,59.67544,59.8415,60.02924,60.406506,60.34527,60.11956,59.62484,59.489555,59.306866,59.135544,58.77669,58.66661,58.707123,58.770306,58.63154,58.511612,58.230286,58.38576,58.67182,58.81521,58.77311,58.91259,58.77443,58.450138,58.32775,58.261833,58.316257,58.622692,58.731472,58.812225,58.842373,59.042587,58.934345,59.022636,59.211853,59.820194,60.031326,59.86901,59.771786,59.626564,59.18788,58.8776,58.93131,58.950172,58.935158,58.916763,58.76955,58.920433,58.974884,59.20628,59.211903,59.679092,59.728924,59.923542,59.99085,60.33644
1.85,0.96,434.01,GYG_S02_31-60,63.797657,63.818188,63.66883,63.105824,63.12866,63.091835,62.90539,62.54963,62.435562,62.425465,62.26675,62.06458,62.01991,61.9119,61.7287,61.697006,61.820747,61.728065,61.707302,61.758938,61.578186,61.827103,62.154545,62.190163,61.897747,62.248093,62.353607,62.175137,61.84102,62.042103,62.14556,62.22943,62.198254,62.505966,63.098503,63.39406,63.634586,63.863224,64.12309,64.315125,64.395294,64.21083,63.6141,63.29176,63.261475,63.046932,62.696964,62.378555,62.53955,62.563206,62.563896,62.356808,62.099163,62.302567,62.680927,62.75266,62.669785,62.829563,62.6592,62.310066,62.171543,62.08524,62.00079,62.268394,62.5035,62.530106,62.616573,62.71129,62.532925,62.60388,62.901222,63.47977,63.298473,62.974686,62.513607,62.28756,61.687294,61.349274,61.302235,61.261765,61.480022,61.632496,61.71292,61.678352,61.87198,61.92726,61.998135,62.377563,62.681442,62.95859,63.12251,63.248714
2.17,0.04,136.85,GYG_S03_00-30,56.26477,56.044838,55.756893,55.260807,55.09927,54.883427,54.671387,54.35632,53.9746,53.81604,53.554993,53.327465,53.23484,53.098827,52.834293,52.761948,53.018303,52.943443,52.83895,52.862118,52.789055,52.844666,52.844852,52.70802,52.416374,52.755672,52.8134,52.737938,52.423893,52.473404,52.406815,52.380577,52.306732,52.428574,53.00038,53.304615,53.49252,53.608913,53.752106,53.91212,53.895798,53.762093,53.2926,53.02679,52.804157,52.66935,52.480022,52.298412,52.35151,52.500343,52.439144,52.207733,51.916363,52.056705,52.272327,52.40082,52.43894,52.589653,52.29824,51.96292,51.879635,51.881245,51.791725,52.041668,52.1682,52.328274,52.38608,52.606003,52.534813,52.65421,52.781662,53.42627,53.648968,53.601894,53.445587,53.32977,52.806,52.433205,52.303036,52.23129,52.19028,52.23794,52.069736,52.164127,52.14329,52.3154,52.34216,52.88032,53.05743,53.25538,53.183266,53.454365
1.76,0.35,332.35,GYG_S03_31-60,67.408936,67.287056,67.0811,66.64292,66.63049,66.54202,66.372734,66.03657,66.03643,66.07787,65.85914,65.512665,65.42996,65.49628,65.422386,65.379616,65.383415,65.30979,65.22895,65.3058,65.27011,65.48892,65.50869,65.47952,65.25887,65.52038,65.55589,65.50188,65.25164,65.3229,65.4203,65.5951,65.7127,65.91534,66.43002,66.79213,67.17746,67.309784,67.563446,67.76871,67.80066,67.60681,67.17949,66.94302,66.66359,66.36043,66.03597,65.72613,65.697044,65.76004,65.67333,65.40169,65.22266,65.6057,65.911835,65.9013,65.82296,65.93436,65.743904,65.48453,65.42678,65.37188,65.25364,65.40361,65.59042,65.61494,65.66625,65.77686,65.64376,65.68825,65.76014,66.21343,65.889015,65.486885,64.99246,64.47414,63.612682,63.070286,63.108234,63.18624,63.481915,63.51354,63.39438,63.576897,63.872524,64.18561,64.35392,64.8632,64.87434,65.0334,65.083405,65.502945
2.1,0.7,375.36,GYG_S04_00-30,60.060707,59.78678,59.468338,58.997368,58.82881,58.83944,58.763298,58.60803,58.268005,58.06291,57.790375,57.649956,57.597435,57.54527,57.438347,57.282536,57.219616,57.114525,57.202507,57.43707,57.41631,57.379772,57.431145,57.477516,57.28869,57.426067,57.417343,57.47362,57.325947,57.528625,57.372314,57.394768,57.428207,57.717216,58.116512,58.532185,58.87447,59.043854,59.168503,59.32606,59.412296,59.404102,59.10854,58.80863,58.49285,58.141945,57.914257,57.774128,57.913765,57.852566,57.744175,57.558952,57.387043,57.486496,57.65003,57.750168,57.708015,57.85292,57.674442,57.54341,57.467773,57.494877,57.35936,57.53452,57.626823,57.731846,57.824196,58.06236,58.134895,58.307655,58.593647,59.129,59.2114,59.223488,59.12597,59.02646,58.442776,58.18784,58.00518,58.158787,58.222736,58.19721,57.944668,58.095154,58.233356,58.286835,58.323456,58.630074,58.649796,58.733906,58.880974,59.22899
1.67,18.39,1090.89,GYG_S04_31-60,53.366455,53.04476,52.669693,52.0353,52.011578,51.94626,51.826496,51.34565,50.92252,50.76359,50.522533,50.241272,50.028183,49.904816,49.759754,49.75643,49.80427,49.63655,49.559303,49.639874,49.511177,49.773182,49.89819,49.811222,49.414097,49.828114,49.919697,49.85091,49.49432,49.484413,49.330944,49.39796,49.46198,49.6292,49.993877,50.30478,50.492485,50.602467,50.632645,50.798103,50.716618,50.62694,50.252274,50.112453,49.972237,49.93452,49.733505,49.593407,49.626003,49.600025,49.39832,49.249363,49.10891,49.368404,49.61473,49.655975,49.63799,49.860893,49.64985,49.30913,49.29816,49.28359,49.128613,49.22493,49.40159,49.565926,49.617126,49.757957,49.788807,49.985813,50.21945,50.882626,51.170887,51.196163,50.959293,50.684666,49.949833,49.69556,49.621616,49.646873,49.646973,49.556908,49.29968,49.351124,49.427486,49.54874,49.705032,50.24311,50.321873,50.490524,50.48773,50.86314
2.98,22.58,1798.6,GYG_S05_00-30,55.06425,54.887047,54.583458,54.01301,53.75766,53.556152,53.535374,53.32006,52.91043,52.71862,52.473736,52.229202,52.11095,51.98123,51.79165,51.696033,51.907146,51.78392,51.717903,51.695763,51.632137,51.78854,51.918858,51.710373,51.438877,51.821575,51.943356,51.77905,51.44974,51.61179,51.589638,51.55419,51.444416,51.633137,52.079727,52.37223,52.47778,52.554127,52.679432,53.01798,53.013435,52.860603,52.3319,52.178963,52.11606,52.058987,51.828236,51.600056,51.57664,51.602306,51.58788,51.491264,51.214962,51.410156,51.67692,51.745598,51.697857,51.82763,51.598167,51.22652,51.22734,51.21004,51.20183,51.429207,51.64487,51.71365,51.690613,51.847195,51.87594,51.958225,52.103027,52.777187,53.05375,53.004383,52.867683,52.806725,52.241833,51.821148,51.61619,51.6631,51.692104,51.687126,51.50058,51.673317,51.691277,51.86761,51.912205,52.382507,52.489,52.724556,52.76154,53.043877
1.66,17.38,363.63,GYG_S05_31-60,59.771164,59.603123,59.388916,59.05834,58.93926,58.707916,58.665558,58.379723,57.991486,57.888866,57.73188,57.46488,57.431866,57.36282,57.279247,57.210777,57.40736,57.30714,57.33727,57.410854,57.244144,57.393063,57.5914,57.594692,57.27482,57.50426,57.59726,57.637737,57.467327,57.55173,57.491264,57.54526,57.69398,57.945232,58.52814,58.80444,59.021194,59.12716,59.372684,59.66885,59.624832,59.47183,59.006954,58.847088,58.573475,58.478992,58.17661,57.98578,57.98444,58.06773,58.031036,57.899376,57.665085,57.773685,57.990273,58.0794,58.160515,58.43755,58.174263,57.803833,57.772247,57.823414,57.774834,57.980583,58.114838,58.20616,58.262566,58.49903,58.476585,58.526688,58.7803,59.527958,59.874992,59.84293,59.69005,59.587822,59.12481,58.93922,58.99517,59.131794,59.06817,58.92133,58.723297,58.87006,59.005466,59.09724,59.023796,59.42218,59.51888,59.75649,59.85442,60.16876
5.76,21.97,559.13,GYG_S06_00-30,59.755463,59.657265,59.42468,58.907703,58.765003,58.70508,58.62228,58.23971,57.80096,57.719467,57.558743,57.328247,57.249237,57.318626,57.267017,57.14108,57.14484,56.984634,56.955242,57.096676,57.138912,57.26063,57.28518,57.17428,57.030617,57.46423,57.52053,57.28925,56.96047,56.9775,56.94151,57.046474,57.22482,57.40663,57.78228,58.15675,58.370384,58.72434,58.98853,59.29443,59.19184,59.051453,58.60992,58.214592,58.002327,57.866825,57.748764,57.41392,57.345055,57.465996,57.479065,57.31514,56.910664,57.20949,57.62688,57.80028,57.5479,57.58223,57.475147,57.290344,57.209404,57.15195,57.087208,57.305607,57.540844,57.620934,57.52034,57.524612,57.39741,57.538734,57.761494,58.305466,58.319386,58.11155,57.92623,57.580708,56.792953,56.171513,56.113014,56.233055,56.397373,56.457016,56.272285,56.522873,56.644894,56.898045,56.984467,57.627872,57.573814,57.775608,57.921318,58.35386
1.85,18.48,15.64,GYG_S06_31-60,58.96432,58.796875,58.613926,58.302116,58.267544,58.21044,58.03139,57.77503,57.461613,57.38409,57.168053,56.94363,56.864975,56.655193,56.543777,56.435646,56.560562,56.423115,56.442303,56.41391,56.43286,56.69055,56.850975,56.70788,56.511166,56.89543,56.944885,56.835262,56.58432,56.636833,56.489735,56.64691,56.796413,57.147644,57.542793,57.786346,57.986694,58.258995,58.500725,58.70111,58.683243,58.569386,58.12151,57.901043,57.785973,57.617622,57.32195,56.924103,56.815388,56.88135,56.876583,56.709984,56.42176,56.921505,57.301994,57.324894,57.13301,57.420467,57.27133,57.010788,56.78043,56.67033,56.59839,56.889885,57.10072,57.233166,57.362206,57.401173,57.29644,57.515083,57.996994,58.698044,58.839382,58.747406,58.61638,58.606583,58.11111,57.911163,57.828438,57.785187,57.674328,57.588238,57.490944,57.658016,57.718403,57.70044,57.768196,58.28035,58.312805,58.46712,58.589886,58.746773
1.51,21.39,355.81,GYG_S07_00-30,62.619286,62.62473,62.489407,62.032932,61.975414,61.79866,61.691925,61.482483,61.222954,61.084953,60.87666,60.665565,60.562466,60.564884,60.51971,60.46692,60.51876,60.50345,60.487038,60.50554,60.420982,60.602955,60.72987,60.695606,60.470695,60.901543,60.932667,60.80502,60.51651,60.63641,60.691624,60.854496,60.90114,61.000072,61.483902,62.011036,62.281307,62.63643,62.926422,63.21208,63.10721,62.93651,62.55524,62.14986,61.892353,61.73106,61.63811,61.265057,61.09084,61.239132,61.434532,61.30963,60.924408,61.07696,61.510525,61.727642,61.58664,61.598885,61.4406,61.3369,61.268192,61.283394,61.256977,61.5168,61.641495,61.634533,61.63532,61.738056,61.636253,61.64462,61.91805,62.52281,62.594975,62.309067,62.149174,62.00302,61.469006,61.04621,61.01338,61.164757,61.37179,61.44378,61.254417,61.448734,61.52988,61.730038,61.782692,62.26406,62.112247,62.15576,62.3403,62.829323
1.56,2.64,172.04,GYG_S07_31-60,62.469944,62.426983,62.251526,61.779472,61.671196,61.57335,61.53159,61.27421,61.001217,60.903854,60.732944,60.393925,60.37205,60.440052,60.421837,60.332413,60.430157,60.359665,60.299965,60.4282,60.403156,60.515926,60.56616,60.5369,60.44295,60.958805,60.981407,60.773457,60.498814,60.697403,60.60953,60.736725,60.815125,61.05476,61.447227,61.881546,62.11815,62.4264,62.698925,62.913795,62.86389,62.64723,62.24488,61.892452,61.72392,61.581116,61.500595,61.093735,60.944794,61.097893,61.19291,61.049984,60.73576,60.924145,61.233345,61.44677,61.428688,61.38155,61.21434,61.004456,60.981003,60.83944,60.847614,61.129528,61.309006,61.394077,61.37507,61.423985,61.30058,61.497116,61.739025,62.40939,62.61496,62.440014,62.2545,62.096386,61.636456,61.25759,61.294773,61.458755,61.58898,61.57862,61.39258,61.52538,61.605503,61.62934,61.56794,62.065464,62.28336,62.4056,62.519417,62.859512
2.15,0.01,199.41,GYG_S08_00-30,61.478806,61.55516,61.459297,61.030155,60.924232,60.891155,60.765392,60.395065,59.980442,59.916443,59.76047,59.52729,59.48971,59.477047,59.385586,59.265545,59.351658,59.255116,59.254063,59.38884,59.40711,59.459763,59.562557,59.53216,59.37996,59.81865,59.955025,59.73877,59.265182,59.434807,59.488976,59.643356,59.62284,59.87577,60.388794,60.897923,61.18284,61.373,61.50703,61.7672,61.824413,61.705368,61.34991,61.051884,60.726402,60.44963,60.326054,60.08076,59.96086,60.064205,60.137344,60.094666,59.853172,59.951054,60.317543,60.52952,60.511875,60.38875,60.23227,60.029026,60.05621,59.919174,59.92259,60.179623,60.451027,60.586872,60.605804,60.699318,60.58021,60.754593,60.919792,61.56424,61.75881,61.601078,61.34776,61.254158,60.87458,60.677563,60.76702,60.798115,60.74278,60.72685,60.61891,60.7715,60.84889,60.930443,60.90512,61.31244,61.389538,61.5254,61.727985,61.97184
1.46,18.8,125.12,GYG_S08_31-60,58.71093,58.586105,58.357075,57.868225,57.778313,57.735657,57.615566,57.325783,57.05525,56.95268,56.6676,56.479446,56.494926,56.326046,56.08427,56.033627,56.25303,56.14544,56.145065,56.13216,56.056976,56.33389,56.59787,56.505474,56.182995,56.671616,56.741383,56.62517,56.247456,56.369476,56.261982,56.39604,56.526505,56.775753,57.220276,57.628365,57.818012,57.96421,58.08207,58.319138,58.267143,58.2256,57.805298,57.569233,57.477272,57.3478,57.100628,56.6888,56.657497,56.84706,56.904655,56.669647,56.332474,56.754257,57.15951,57.197205,57.05537,57.240013,57.06029,56.804882,56.693707,56.564053,56.488613,56.71178,56.89309,56.987507,57.230522,57.344757,57.22888,57.47951,57.84807,58.427505,58.450535,58.311604,58.17972,58.261414,57.88017,57.56664,57.476715,57.570786,57.588154,57.42564,57.297062,57.401924,57.523335,57.546883,57.634926,58.10481,58.26011,58.437798,58.477882,58.583416
2.43,23.17,672.52,GYG_S09_00-30,66.65003,66.51353,66.32885,65.975525,65.97818,65.82962,65.66167,65.308205,65.0161,64.92492,64.801865,64.665306,64.57192,64.463326,64.36096,64.396935,64.44975,64.362404,64.32415,64.42161,64.35097,64.42602,64.53029,64.515396,64.38938,64.749855,64.872955,64.76073,64.50784,64.59637,64.6308,64.71998,64.84595,65.10314,65.68674,66.17078,66.47085,66.67424,66.92808,67.2446,67.301895,67.115204,66.65647,66.37173,66.209305,66.03222,65.84415,65.58839,65.59262,65.72389,65.80732,65.69392,65.4527,65.61781,66.03383,66.30324,66.38239,66.439735,66.219696,65.86589,65.823906,65.907265,65.99477,66.24188,66.56975,66.81376,66.91928,67.009254,67.02659,67.2502,67.66547,68.417694,68.583,68.43799,68.275475,68.10789,67.7205,67.39875,67.37803,67.3311,67.48713,67.5641,67.535194,67.72051,67.82761,67.94852,67.87468,68.31807,68.44335,68.588,68.70493,69.03004
0.71,13.09,868.02,GYG_S09_31-60,68.97098,68.74425,68.511566,68.22425,68.01997,67.79217,67.60491,67.52213,67.224434,67.11084,66.86774,66.72282,66.6466,66.50887,66.36142,66.21715,66.28822,66.17014,66.243164,66.269035,66.24224,66.45068,66.59547,66.51313,66.34708,66.75111,66.71441,66.58245,66.36703,66.48577,66.375885,66.45759,66.65577,67.00606,67.5395,67.87301,68.21808,68.51681,68.765564,68.8747,68.930664,68.88975,68.50356,68.098305,67.885254,67.653915,67.35401,67.02494,67.00704,67.22707,67.261055,67.08314,66.79399,67.14768,67.541,67.683876,67.73487,67.849045,67.66772,67.42559,67.39971,67.3147,67.405685,67.731606,67.9006,67.963005,68.12978,68.24582,68.30905,68.72326,69.15456,69.653435,69.81222,69.65645,69.37246,69.107346,68.65304,68.3192,68.29642,68.261444,68.313034,68.28995,68.34085,68.56979,68.781334,68.815346,68.8491,69.31215,69.50574,69.77125,69.90564,69.98447
2.01,11.03,394.91,GYG_S10_00-30,66.43092,66.35173,66.181656,65.805756,65.66741,65.56739,65.41938,65.19361,64.92,65.00743,64.79429,64.61335,64.54397,64.49768,64.386246,64.374344,64.48432,64.32009,64.40682,64.54852,64.52086,64.73775,64.95183,64.88463,64.57712,64.89687,65.03052,64.961754,64.70524,64.7514,64.73698,64.90378,65.14384,65.50673,65.998245,66.371735,66.71274,66.91255,67.10814,67.30575,67.25804,67.07802,66.73268,66.49141,66.18026,65.94754,65.60421,65.25978,65.240486,65.45065,65.49466,65.316345,65.11373,65.32014,65.581375,65.63425,65.63853,65.78188,65.59065,65.35219,65.2748,65.17093,65.09964,65.20135,65.38803,65.48272,65.58464,65.66824,65.60799,65.82976,66.127914,66.50229,66.30524,65.87693,65.55125,65.30274,64.86165,64.616776,64.6606,64.67119,64.86353,64.941,64.901024,65.09483,65.33324,65.43768,65.39106,65.9473,66.15215,66.40556,66.361244,66.47327
1.1,11.78,285.43,GYG_S10_31-60,77.761566,77.78056,77.70628,77.47093,77.33388,77.297844,77.10556,76.88792,76.75178,76.83772,76.97814,76.98186,76.905975,76.842926,76.89203,76.92908,76.993095,76.89314,76.86937,76.82333,76.83308,76.99029,77.09031,76.95105,76.96007,77.37295,77.572266,77.46478,77.24584,77.273476,77.451866,77.77043,77.94452,78.2263,78.8365,79.513626,79.96497,80.185135,80.47592,80.805626,80.865524,80.69352,80.098335,79.595955,79.15315,78.99237,78.71918,78.42296,78.23124,78.30553,78.37321,78.22014,77.88413,77.97189,78.26176,78.50701,78.58991,78.56323,78.3018,77.91484,77.82431,77.8134,78.02092,78.30684,78.44271,78.45523,78.30039,78.267815,78.08547,78.193474,78.2296,78.472855,78.18836,77.55624,76.839874,76.155365,75.25027,74.63991,74.70441,75.06533,75.39487,75.581825,75.81126,76.23875,76.50185,76.6693,76.763275,77.17348,77.421326,77.70114,77.90287,78.1303
1.95,0.47,332.35,GYG_S11_00-30,69.99927,70.02298,69.90926,69.5327,69.47603,69.31054,69.276825,69.19478,69.14096,69.09157,68.837494,68.77733,68.89697,68.76969,68.64941,68.585335,68.77182,68.65254,68.72337,68.78208,68.82421,69.08537,69.25751,69.21478,69.03044,69.40594,69.57109,69.46817,69.123665,69.238495,69.41006,69.69239,69.80858,70.07399,70.622536,71.1321,71.46325,71.67472,72.017715,72.23644,72.22972,72.05352,71.68386,71.324905,71.038284,70.7668,70.38897,70.09424,70.06228,70.19008,70.216606,70.048294,69.85672,70.09119,70.35233,70.41863,70.4296,70.62814,70.42447,70.08119,69.81117,69.631546,69.63278,69.870895,70.10339,70.17653,70.18799,70.16793,70.03243,70.11147,70.23799,70.41959,70.08293,69.56355,68.91092,68.255936,67.23888,66.803604,66.82417,67.02188,67.172,67.38951,67.48401,67.7289,67.93534,68.139915,68.09458,68.60286,68.92493,69.431816,69.58809,69.623116
0.83,6.48,211.14,GYG_S11_31-60,66.36566,66.259605,66.05657,65.6504,65.53205,65.40451,65.40091,65.16349,64.93688,64.86058,64.81269,64.67884,64.686035,64.77221,64.78271,64.71254,64.72687,64.69659,64.68844,64.77096,64.82271,64.97137,65.0396,65.01742,65.021675,65.40293,65.52706,65.43049,65.190285,65.207,65.217476,65.35892,65.505226,65.73639,66.28589,66.83388,67.24895,67.54132,67.752754,67.97787,68.021774,67.89855,67.422035,67.087715,66.88598,66.73475,66.52519,66.24243,66.08626,66.1663,66.23697,66.17237,65.86821,65.98898,66.41591,66.70161,66.60305,66.50341,66.311516,66.106415,66.00796,65.96798,65.912766,66.10184,66.25341,66.28152,66.19227,66.24236,66.142395,66.1608,66.07767,66.227585,65.920815,65.30505,64.61949,63.889523,62.993645,62.29369,62.28252,62.5056,62.896084,63.209938,63.319622,63.65259,63.951653,64.30014,64.38027,64.90104,65.0676,65.34952,65.636856,66.16242
1.74,11.83,375.36,GYG_S12_31-60,60.14277,60.0969,59.873627,59.327564,59.160847,59.034714,58.919254,58.60555,58.448784,58.418888,58.207245,57.954937,57.833218,57.678047,57.587925,57.61821,57.69773,57.56297,57.438587,57.508347,57.522114,57.79538,57.940567,57.9271,57.736004,58.100574,58.17182,58.090794,57.855328,57.94388,57.881706,57.95523,58.120544,58.48352,58.92255,59.213894,59.449417,59.65947,59.879387,60.029087,60.07865,59.924927,59.627686,59.363907,59.225643,58.99123,58.635273,58.285763,58.292564,58.467216,58.490643,58.31842,58.04134,58.414555,58.794373,58.829514,58.653778,58.83237,58.642643,58.44703,58.27657,58.154118,58.120647,58.443203,58.58482,58.68597,58.74578,58.73897,58.572723,58.83964,59.198658,59.661213,59.581272,59.31249,59.174313,59.206562,58.80005,58.467907,58.356632,58.468903,58.50551,58.48611,58.286327,58.46993,58.609882,58.74273,58.799053,59.299534,59.399483,59.675587,59.81124,59.96291
1.55,14.16,215.05,GYG_S13_00-30,73.07137,73.166725,73.13884,72.88373,72.80603,72.70661,72.69703,72.5528,72.430664,72.423355,72.320366,72.1802,72.233406,72.202545,72.22462,72.20644,72.29698,72.18673,72.28355,72.28755,72.25236,72.497795,72.72488,72.786255,72.597466,72.84907,72.96124,72.993614,72.77031,72.735504,72.739044,73.05297,73.39215,73.72113,74.194214,74.690765,75.109375,75.362236,75.721504,75.95916,75.95375,75.75844,75.40268,75.00818,74.6973,74.44841,74.01573,73.59879,73.536644,73.70735,73.705284,73.60826,73.44179,73.6727,73.99366,74.16096,74.11678,74.156204,74.014694,73.79319,73.60785,73.526085,73.554016,73.73983,73.96856,73.9873,74.04365,73.98113,73.943565,74.05144,74.30651,74.46831,74.22574,73.73684,73.29567,72.850464,72.20538,71.80216,71.904655,72.09825,72.28073,72.39135,72.451454,72.55144,72.687386,72.900986,73.11826,73.590034,73.6978,73.89967,73.99878,74.21198
1.99,6.42,551.31,GYG_S13_31-60,75.37074,75.368576,75.298744,75.04959,74.9405,74.882225,74.88771,74.84306,74.60593,74.61671,74.610306,74.50108,74.480194,74.4584,74.456314,74.509476,74.590385,74.443596,74.39537,74.56442,74.61104,74.85,74.81138,74.78389,74.60925,74.98522,75.06493,75.04287,74.69575,74.74151,74.820915,75.05217,75.22774,75.70266,76.30097,76.86009,77.209206,77.53989,77.77337,77.963936,77.88461,77.70672,77.3895,76.98024,76.56628,76.224625,75.93105,75.57683,75.50723,75.59983,75.61117,75.540146,75.434044,75.61745,75.85671,75.97301,75.85516,75.85728,75.71461,75.55925,75.33709,75.25149,75.26146,75.42734,75.446556,75.44465,75.46397,75.44772,75.31973,75.3249,75.34608,75.266495,74.841705,74.19769,73.53881,72.55545,71.28839,70.64309,70.76727,71.18277,71.42191,71.65235,71.7153,72.02042,72.238205,72.56083,72.89581,73.5485,73.67742,73.82941,74.03063,74.39897
2.82,4.46,617.78,GYG_S14_00-30,67.47337,67.441154,67.29009,66.93541,66.6899,66.546906,66.49602,66.369804,66.031685,65.98985,65.92077,65.83398,65.70738,65.55724,65.46339,65.447586,65.56628,65.50218,65.571,65.57855,65.48051,65.64966,65.80015,65.68249,65.41954,65.800385,66.00866,65.89598,65.52355,65.457756,65.47745,65.63055,65.93111,66.26589,66.74231,67.14874,67.54833,67.79483,68.03989,68.153725,68.12542,67.96469,67.57626,67.082726,66.88507,66.68634,66.32054,65.90281,65.940155,66.09125,66.07466,65.918785,65.71352,66.01969,66.37955,66.49623,66.46051,66.52306,66.35895,66.09369,65.91961,65.84252,65.829025,66.064156,66.13595,66.14609,66.1651,66.25509,66.2089,66.38268,66.742645,67.118576,66.91314,66.44413,66.13851,65.95648,65.29607,64.8649,64.84006,64.91039,64.95487,65.05094,65.14448,65.35783,65.56121,65.60759,65.595474,66.10366,66.30057,66.643974,66.688416,66.709465
0.78,3.27,430.1,GYG_S14_31-60,61.282864,61.121048,60.854412,60.39415,60.13506,59.948887,59.80965,59.442513,59.133644,59.078682,58.711887,58.338238,58.265553,58.1248,57.871128,57.80082,57.95029,57.77482,57.71232,57.74136,57.72815,57.944447,58.07699,58.04851,57.82731,58.06348,58.06172,57.957226,57.700188,57.672886,57.527256,57.58565,57.802734,58.12491,58.55547,58.91837,59.254948,59.481968,59.66324,59.810715,59.76548,59.58385,59.22711,58.939957,58.87441,58.713364,58.529507,58.131336,58.06187,58.217724,58.339474,58.226448,57.969852,58.398388,58.781406,58.898987,58.782856,58.987213,58.929802,58.806538,58.69904,58.57633,58.521896,58.77185,59.00204,59.131527,59.232693,59.3672,59.349964,59.770893,60.313683,61.136337,61.48124,61.524208,61.346226,61.282303,60.997395,60.84393,60.74088,60.542038,60.384766,60.393276,60.32558,60.439976,60.543053,60.623203,60.7199,61.24058,61.388687,61.55551,61.619717,61.723984
1.85,6.93,445.74,GYG_S15_00-30,66.7891,66.66983,66.51536,66.22261,66.12632,66.017235,65.85993,65.724525,65.40195,65.33961,65.22425,65.24255,65.18611,64.995804,64.79948,64.76315,64.92927,64.8496,64.93561,64.876884,64.8795,65.06988,65.34829,65.29152,65.03245,65.24031,65.35388,65.33461,65.02057,65.0251,65.03919,65.20555,65.35158,65.68442,66.19902,66.73521,67.091965,67.25591,67.41277,67.597725,67.559265,67.43715,67.11388,66.70115,66.366196,66.11779,65.84103,65.47452,65.49581,65.63723,65.60434,65.384445,65.21716,65.53678,65.80783,65.82701,65.80938,66.00546,65.847435,65.5424,65.35267,65.22109,65.18462,65.42176,65.64286,65.69829,65.72394,65.65783,65.578865,65.83325,66.17769,66.32337,66.06485,65.632195,65.311104,65.011826,64.46705,63.99945,63.88319,64.00186,64.2055,64.33641,64.258514,64.471695,64.63731,64.79242,64.83613,65.40688,65.5469,65.72119,65.86756,66.08598
0.91,1.46,242.42,GYG_S15_31-60,62.0034,61.995872,61.8475,61.39701,61.309765,61.151653,60.992348,60.670868,60.30033,60.18474,59.94502,59.752666,59.712177,59.565983,59.432,59.363335,59.44134,59.230972,59.279655,59.44634,59.474987,59.634804,59.74969,59.679398,59.447613,59.813927,59.84068,59.766766,59.575592,59.617344,59.496647,59.5849,59.661762,59.85013,60.320705,60.759388,60.98559,61.130844,61.310276,61.45322,61.568165,61.408436,61.008324,60.59548,60.39201,60.140755,59.97738,59.673763,59.596024,59.7202,59.831917,59.64185,59.338604,59.640728,59.985035,60.07101,59.968224,60.03665,59.76035,59.489307,59.4596,59.44766,59.396477,59.500008,59.645008,59.82719,59.945736,59.913883,59.715088,59.905037,60.24923,60.774586,60.68383,60.342052,60.033623,59.777287,59.1325,58.749294,58.65656,58.636387,58.62229,58.686043,58.615707,58.84597,58.97424,59.077263,59.13277,59.60852,59.75774,60.06428,60.28427,60.567795
1.54,7.16,371.45,KMS_S01_00-30,59.88251,59.720497,59.478645,58.995293,58.868835,58.847878,58.741455,58.514076,58.125084,58.054577,57.89307,57.675632,57.61783,57.59254,57.488,57.337822,57.271378,57.14593,57.268635,57.531376,57.420876,57.434227,57.658146,57.74822,57.474674,57.648098,57.68418,57.69005,57.47921,57.751453,57.60905,57.65465,57.73206,58.141434,58.519672,58.897774,59.201492,59.282017,59.41825,59.62294,59.75503,59.71503,59.337223,59.078606,58.837814,58.62328,58.35443,58.099827,58.18773,58.19165,58.188137,57.916306,57.699177,57.86287,58.112194,58.148808,58.009632,58.236862,58.05932,57.84372,57.74295,57.845215,57.776672,57.974438,58.175537,58.194477,58.26574,58.40373,58.446346,58.551167,58.809067,59.26047,59.27432,59.23289,59.171528,59.016632,58.43267,58.02227,57.937096,58.125496,58.2292,58.125523,58.019188,58.333828,58.46426,58.39828,58.302437,58.610832,58.850826,59.143394,59.36871,59.49673
1.57,5.9,402.73,KMS_S01_31-60,71.812546,71.852196,71.73429,71.22892,71.17286,71.237045,71.0931,70.894196,70.853325,70.882576,70.71024,70.50342,70.449005,70.44971,70.4414,70.389244,70.35348,70.33805,70.37235,70.38006,70.16389,70.40079,70.60834,70.57267,70.31573,70.617676,70.86072,70.76585,70.461945,70.46646,70.61217,70.78622,70.98155,71.35659,71.95992,72.26776,72.580986,72.72588,73.07825,73.410904,73.52187,73.19828,72.60757,72.30733,72.07291,71.784,71.330315,71.03966,71.07552,71.18616,71.09113,70.876335,70.67545,70.93143,71.25376,71.36337,71.38586,71.50065,71.29476,70.86118,70.68767,70.56707,70.439415,70.579735,70.89138,71.04732,71.06318,71.0882,70.903656,71.06807,71.21199,71.73052,71.485306,71.18787,70.82913,70.49643,69.746544,69.159935,69.16369,69.25691,69.4935,69.510735,69.517426,69.648926,69.78955,69.87612,69.94727,70.450005,70.70154,71.003006,71.07655,71.26099
2.96,19.51,465.29,KMS_S02_00-30,61.617336,61.556103,61.39748,60.980537,60.94552,60.92048,60.69246,60.442223,60.30877,60.249214,59.898266,59.555702,59.54318,59.529633,59.38583,59.304985,59.375854,59.345093,59.30293,59.489883,59.36893,59.52308,59.530117,59.493195,59.24178,59.553844,59.617413,59.6156,59.33864,59.488586,59.443913,59.64785,59.70213,60.052765,60.439014,60.821835,61.0811,61.242283,61.463596,61.709457,61.74541,61.465603,61.01923,60.669243,60.575336,60.360176,60.16683,59.90222,59.975716,60.007133,59.99818,59.813,59.560062,59.84176,60.164192,60.19091,60.11155,60.277428,60.187496,60.04138,59.944675,59.751114,59.60726,59.967262,60.216957,60.285904,60.23671,60.373707,60.37278,60.633904,60.983093,61.68291,61.777615,61.759296,61.78468,61.832146,61.30764,60.978905,60.985794,61.106888,61.23056,61.120846,60.78484,60.75869,60.90649,61.136017,61.26651,61.620293,61.578068,61.641018,61.6302,61.81793
1.94,19.89,336.26,KMS_S02_31-60,60.406227,60.368404,60.17426,59.65386,59.455406,59.40126,59.31973,59.15163,58.757137,58.683865,58.551056,58.480804,58.345478,58.217316,57.977226,57.95778,57.96384,57.937927,58.008175,58.23921,58.0414,58.075516,58.294937,58.2621,57.933422,58.311226,58.42201,58.312256,57.926342,58.263847,58.111767,58.219315,58.285885,58.577194,58.950516,59.315414,59.643322,59.72587,59.903645,60.03803,60.13237,60.11384,59.762318,59.414425,59.23782,58.991367,58.778053,58.446236,58.522972,58.573475,58.661892,58.39889,58.00397,58.129307,58.46344,58.65428,58.545475,58.633507,58.32862,58.142727,58.095108,58.008835,57.833607,58.08107,58.316246,58.385555,58.59321,58.7868,58.70383,58.80576,59.20844,59.759556,59.72799,59.64297,59.702057,59.696854,59.15754,58.779972,58.707985,58.78346,58.839954,58.78565,58.70647,58.925686,59.02223,58.909527,58.78653,59.09099,59.29406,59.593693,59.775055,59.92076
1.62,16.19,304.98,KMS_S03_00-30,59.361744,59.26779,59.056007,58.556732,58.392044,58.334736,58.176888,58.016666,57.759914,57.622387,57.395813,57.24351,57.178402,57.14756,56.997345,56.90009,56.942696,56.922375,57.02233,57.130238,57.016376,57.029274,57.231117,57.206547,57.014076,57.374107,57.44847,57.307816,57.01538,57.31307,57.16096,57.253895,57.355747,57.62522,58.00386,58.44226,58.78574,58.861496,59.000206,59.162056,59.141193,59.160446,58.81806,58.65015,58.44077,58.234955,57.89044,57.57075,57.663876,57.700718,57.710186,57.42687,57.21821,57.41077,57.73888,57.812912,57.73553,57.94512,57.80843,57.6303,57.46821,57.325974,57.2302,57.52723,57.77734,57.789814,57.976227,58.130455,58.17035,58.280586,58.56164,59.04695,59.094086,59.099625,59.134434,59.157017,58.62125,58.321686,58.249027,58.408554,58.490032,58.416542,58.225674,58.48868,58.5005,58.45565,58.312576,58.70829,58.87447,59.234005,59.370937,59.370655
1.6,19.76,187.68,KMS_S03_31-60,60.678635,60.57716,60.33065,59.806435,59.67592,59.603115,59.606197,59.35726,59.019665,58.848083,58.675648,58.58475,58.502136,58.4351,58.385956,58.34275,58.375885,58.26082,58.41605,58.589745,58.51221,58.511406,58.673264,58.651318,58.431236,58.818073,58.87051,58.76826,58.590508,58.906914,58.74006,58.859722,59.002487,59.23318,59.481575,59.89684,60.26466,60.426136,60.669224,60.838367,60.85457,60.74647,60.447285,60.200226,59.93366,59.72735,59.47312,59.217182,59.268177,59.298134,59.290092,59.029327,58.868763,59.032,59.286953,59.346542,59.2954,59.445244,59.334713,59.137268,58.96695,58.8598,58.809284,59.026913,59.181152,59.266777,59.441833,59.666973,59.612846,59.755997,60.1389,60.69769,60.72055,60.636456,60.728924,60.720737,60.235687,59.864933,59.771088,59.743,59.782856,59.86369,59.8865,60.111988,60.159813,60.01503,59.94118,60.382027,60.529274,60.74954,60.881504,60.98595
1.71,0.22,1528.81,KMS_S04_00-30,66.35064,66.406334,66.30036,65.833824,65.81554,65.65171,65.45856,65.24061,65.09694,65.00855,64.72415,64.635735,64.70082,64.61473,64.39838,64.34186,64.49078,64.42931,64.35433,64.43377,64.35097,64.58133,64.7287,64.71539,64.39671,64.681114,64.87518,64.775055,64.33045,64.35284,64.41704,64.639595,64.74577,65.08623,65.58944,65.98075,66.2627,66.34695,66.594765,66.89601,67.04515,66.74446,66.1701,65.88569,65.751884,65.53915,65.1702,64.93964,64.933876,64.95697,64.85934,64.64375,64.37301,64.66557,65.10698,65.23081,65.16626,65.22098,65.016106,64.73915,64.68163,64.573204,64.39046,64.58614,64.87771,64.99005,64.93026,64.93966,64.77988,64.91673,65.12572,65.68779,65.51042,65.17427,64.66369,64.175446,63.392006,62.965805,63.081745,63.293297,63.50981,63.51401,63.446438,63.599255,63.84316,64.09106,64.227684,64.75519,64.92539,65.05396,65.01409,65.23307
0.8,6.5,778.09,KMS_S04_31-60,68.2769,68.03473,67.76683,67.35444,67.26797,67.19919,66.98791,66.87052,66.75108,66.7891,66.60778,66.44913,66.316734,66.37291,66.33821,66.291084,66.2397,66.21372,66.27567,66.4579,66.31803,66.29625,66.429054,66.55494,66.45577,66.67401,66.661736,66.6002,66.47489,66.777885,66.74922,66.824844,66.83796,67.10611,67.59173,68.10591,68.44056,68.66471,68.888504,69.04462,69.08628,69.074936,68.731476,68.306946,68.011986,67.80563,67.56559,67.14798,67.09521,67.12264,67.106255,66.87946,66.6947,66.80252,66.97194,67.15216,67.14603,67.3448,67.05817,66.89924,66.78091,66.7773,66.52926,66.65445,66.83635,67.04527,67.25113,67.378685,67.2756,67.249245,67.41297,67.833,67.730095,67.40639,67.00699,66.69341,65.94392,65.43801,65.33341,65.5183,65.78603,65.81261,65.8386,66.10127,66.2909,66.210266,66.2148,66.66476,66.98319,67.202675,67.3175,67.47613
0.41,0.28,199.41,KMS_S05_00-30,69.97197,69.8778,69.71657,69.38615,69.34284,69.21853,69.14539,68.88368,68.73018,68.636314,68.44258,68.29184,68.40445,68.37289,68.15773,68.09152,68.25708,68.102425,68.12385,68.20569,68.24816,68.36013,68.39073,68.28569,68.18265,68.55042,68.58798,68.50998,68.26189,68.35021,68.501686,68.738846,68.743965,68.90784,69.524666,70.15614,70.474525,70.53921,70.70663,71.02801,71.04177,70.79156,70.27408,70.023834,69.728645,69.54035,69.21733,69.02295,69.00183,69.009346,68.90298,68.90289,68.78534,68.82449,68.88359,69.03112,68.98048,68.95507,68.803894,68.61689,68.55564,68.473274,68.42834,68.596504,68.73567,68.89003,68.83449,68.93317,68.911705,69.0618,69.1169,69.38325,69.324066,68.89871,68.444336,67.89197,67.07021,66.483116,66.66277,67.06703,67.422226,67.65286,67.823364,68.0337,68.11806,68.45172,68.649895,69.065056,69.09645,69.358376,69.49929,69.942764
0.59,0.4,136.85,KMS_S05_31-60,70.27223,70.090485,69.859116,69.45552,69.352844,69.265785,69.16843,69.11085,69.1066,69.09821,68.83025,68.51829,68.507454,68.5339,68.55339,68.460266,68.65213,68.68489,68.60381,68.455345,68.30838,68.6572,68.89351,68.92642,68.58613,68.86846,68.978,68.993576,68.69353,68.83769,68.93505,69.17927,69.29085,69.58889,70.09455,70.56385,70.93561,71.13037,71.444984,71.805664,71.8713,71.50804,70.99397,70.68724,70.51652,70.16784,69.7929,69.54948,69.59271,69.64054,69.59342,69.46337,69.19036,69.35797,69.693756,69.78479,69.77846,69.85332,69.70704,69.423386,69.460754,69.37841,69.26778,69.378876,69.56119,69.54776,69.52066,69.589066,69.46923,69.49162,69.531715,69.76991,69.37778,68.81968,68.12776,67.386734,66.347534,65.72082,65.77545,66.105934,66.678154,66.89254,66.93139,67.23901,67.59996,67.87284,67.936165,68.574356,68.896935,69.24685,69.3339,69.57957
1.49,8.55,758.54,KMS_S06_00-30,67.40012,67.35414,67.156364,66.63727,66.46684,66.44421,66.334724,66.086716,65.8681,65.83225,65.6328,65.4818,65.45742,65.31695,65.13863,65.02963,65.12371,65.14713,65.24115,65.30237,65.18271,65.2185,65.25767,65.279495,65.27883,65.55795,65.47527,65.29824,65.16444,65.40875,65.44202,65.5318,65.4888,65.75386,66.19683,66.88669,67.21575,67.51172,67.63657,67.902916,67.86651,67.84676,67.437256,66.882675,66.39587,66.19249,66.05181,65.848274,65.83127,65.78728,65.78108,65.63281,65.43418,65.5282,65.784515,65.95887,66.00083,66.14987,65.88613,65.65216,65.58337,65.7288,65.80544,65.99449,66.00963,66.01894,66.09794,66.25882,66.225044,66.14521,66.24866,66.63938,66.515335,66.18229,65.93885,65.643,64.85235,64.26302,64.23176,64.571236,64.96657,65.07589,65.08039,65.44434,65.66411,65.79162,65.851326,66.21348,66.27698,66.48757,66.72286,67.03679
0.3,11.32,778.09,KMS_S06_31-60,76.690636,76.58237,76.39885,76.02407,75.92684,75.84332,75.64972,75.50839,75.47184,75.50457,75.19651,75.14536,75.275215,75.44284,75.20464,75.09332,75.24231,75.36627,75.36907,75.40636,75.35167,75.47871,75.5198,75.47897,75.43355,75.71267,75.92136,75.93104,75.80902,75.77153,75.812485,75.9658,76.17161,76.62517,77.27268,77.83789,78.21405,78.37887,78.552086,78.80394,78.89154,78.750534,78.39689,77.890045,77.43522,77.114685,76.91592,76.62491,76.65605,76.71535,76.70147,76.508026,76.371544,76.55923,76.78777,76.90425,76.84977,76.862144,76.58219,76.39345,76.389435,76.44333,76.26708,76.21884,76.29671,76.454185,76.55526,76.65303,76.56534,76.522484,76.43134,76.36652,75.78243,75.09615,74.402084,73.26001,71.83117,71.13149,71.2833,71.55414,71.95657,72.44035,72.85246,73.179794,73.33358,73.48562,73.74628,74.35086,74.625534,74.97454,75.27041,75.77404
1.78,1.6,230.69,KMS_S07_00-30,57.552586,57.510994,57.316605,56.82087,56.648243,56.48874,56.328552,56.083668,55.879684,55.67451,55.267498,54.998833,54.87984,54.770844,54.707737,54.68918,54.836536,54.69527,54.71927,54.749947,54.710533,54.776737,54.87605,54.866444,54.68886,54.940865,54.935165,54.705303,54.481,54.661133,54.6057,54.65717,54.57888,54.82492,55.083355,55.66759,55.788277,56.075066,56.23607,56.610744,56.532078,56.37047,56.00647,55.642666,55.488144,55.265182,55.16039,54.925343,55.01154,55.018566,54.995796,54.714596,54.45174,54.759575,55.162292,55.173676,55.028725,55.1252,54.94334,54.73574,54.774784,54.86974,54.825462,54.956078,55.00858,55.060856,55.13787,55.228203,55.10427,55.190212,55.418434,56.06045,55.922962,55.720364,55.51027,55.491844,54.733,54.263374,54.271217,54.484447,54.57144,54.54801,54.45632,54.736607,54.81219,54.95609,55.019817,55.504368,55.556274,55.827984,56.053375,56.36889
1.27,0.47,238.51,KMS_S07_31-60,62.69831,62.637653,62.41101,61.794643,61.658646,61.472122,61.375324,61.16383,60.88742,60.74767,60.5216,60.397346,60.48751,60.387337,60.095135,59.981472,60.35641,60.299187,60.18959,60.108505,60.08966,60.213936,60.30128,60.295116,60.204876,60.618053,60.616318,60.465973,60.227673,60.33443,60.162136,60.21353,60.41508,60.792866,61.2374,61.627052,62.01045,62.172745,62.24337,62.31682,62.410683,62.42788,62.07814,61.58696,61.238907,61.118874,61.000282,60.67588,60.600338,60.79141,60.841965,60.54647,60.140507,60.456726,60.824314,60.916428,60.88275,61.025284,60.74992,60.515686,60.51525,60.38972,60.153587,60.28392,60.495216,60.684235,60.790817,60.92954,60.790676,60.815765,60.86238,61.349148,61.297054,61.03335,60.658646,60.182564,59.375328,58.907936,58.953472,59.0869,59.263096,59.24771,59.244152,59.552036,59.812454,59.91435,59.866745,60.33594,60.717766,61.117603,61.242313,61.420902
2.01,0.22,543.49,KMS_S08_00-30,54.239933,54.18268,53.915627,53.251873,53.061077,52.840794,52.781628,52.568592,52.388992,52.26762,51.863625,51.54634,51.34738,51.28426,51.1866,51.253933,51.321186,51.08664,51.027782,51.153095,51.128506,51.20136,51.364872,51.381447,51.17018,51.38941,51.415565,51.29179,51.041073,51.221176,51.138096,51.05318,50.984684,51.277184,51.652927,52.069984,52.279327,52.4863,52.657047,52.849785,52.79769,52.692265,52.39245,52.02272,51.853966,51.77808,51.7294,51.43386,51.42087,51.40702,51.402176,51.225662,51.024204,51.243347,51.60717,51.788265,51.716476,51.86235,51.6356,51.337975,51.22934,51.3451,51.37898,51.582886,51.650616,51.73773,51.861504,52.04973,51.88609,51.93316,52.255398,53.054848,53.166832,53.006554,52.974815,52.94332,52.33602,51.824753,51.899036,52.033646,52.1262,52.05483,51.913494,52.200535,52.228935,52.27725,52.30223,52.871857,52.887806,53.166412,53.275257,53.445507
2.01,0.59,418.37,KMS_S08_31-60,49.93077,49.724094,49.390907,48.689545,48.561417,48.322186,48.188942,48.036266,47.601147,47.26437,46.66636,46.5013,46.491055,46.43007,46.116646,46.0813,46.358284,46.19201,46.061153,46.127483,46.118664,46.246307,46.286236,46.22426,46.066765,46.540928,46.526524,46.223293,45.7899,45.97349,45.87452,45.838673,45.72257,45.94672,46.352497,46.742996,46.922302,47.11575,47.075554,47.20673,47.147236,47.155594,46.76199,46.52645,46.422695,46.38715,46.278522,45.91663,46.01865,46.27374,46.395836,46.08624,45.67954,45.960583,46.351063,46.44914,46.41256,46.637177,46.258312,45.95349,46.08061,46.0867,45.853848,46.009487,46.250862,46.33381,46.5022,46.69832,46.612072,46.659286,46.86698,47.733486,47.959328,47.965282,47.84344,47.7235,46.974987,46.73517,46.82799,46.818474,46.77831,46.762955,46.5937,46.7651,46.848427,46.86317,46.782745,47.40204,47.560917,47.95394,48.114494,48.260025
1.98,0.01,496.57,KMS_S09_00-30,60.096233,60.14811,60.013744,59.52753,59.3704,59.218723,59.06682,58.82812,58.679638,58.553894,58.239136,58.029037,57.97432,57.950695,57.792706,57.701824,57.777996,57.71602,57.79048,57.844913,57.81337,57.818054,57.920937,57.993153,57.88185,58.09489,57.981003,57.839462,57.6604,57.91452,57.854378,57.929535,57.89083,58.20565,58.59595,59.220936,59.403534,59.66835,59.75297,59.96092,59.895157,59.91559,59.5388,59.13326,58.882797,58.731182,58.553905,58.329407,58.363316,58.29728,58.160774,58.03137,57.881783,58.027065,58.261227,58.39661,58.42893,58.523045,58.298237,58.098236,58.160168,58.116867,57.968643,58.14973,58.328575,58.4244,58.467873,58.627907,58.551594,58.678997,58.863876,59.347267,59.293556,59.263664,59.227837,59.149006,58.538704,58.20694,58.165855,58.438766,58.593185,58.444515,58.099724,58.242393,58.42247,58.444805,58.525154,58.96756,59.01327,59.17903,59.317905,59.546757
1.52,16.42,437.92,KMS_S09_31-60,59.69368,59.552574,59.312893,58.79103,58.71054,58.59015,58.42272,58.17021,57.824753,57.68038,57.397366,57.268967,57.311325,57.233204,57.011387,56.88322,57.066998,57.063053,57.096794,57.06792,56.959667,57.13173,57.35056,57.264885,57.120365,57.42921,57.51754,57.360645,57.1369,57.294205,57.21076,57.206226,57.190838,57.546227,58.078487,58.56149,58.810066,58.959587,59.015694,59.180645,59.180473,59.1289,58.774246,58.430813,58.08251,57.924664,57.898243,57.60056,57.505306,57.602657,57.681953,57.43046,57.068035,57.37252,57.8469,57.903706,57.739014,57.8413,57.626568,57.41815,57.449898,57.433517,57.249466,57.40684,57.55761,57.639977,57.800655,57.961002,57.947075,58.043148,58.247475,59.004944,59.20588,59.122215,58.983402,58.943764,58.414494,58.169865,58.23231,58.2346,58.261196,58.115902,58.044086,58.26062,58.43376,58.356453,58.298027,58.65706,58.795925,58.9877,59.123615,59.247368
2.18,0.34,418.37,KMS_S10_00-30,56.40069,56.255264,56.00731,55.500988,55.298847,55.168118,55.014553,54.807312,54.50458,54.32142,54.05633,53.924225,53.901943,53.718582,53.446743,53.4038,53.54268,53.414448,53.344242,53.419563,53.35738,53.54897,53.700516,53.638157,53.434616,53.769817,53.72176,53.571228,53.377167,53.642044,53.520554,53.551178,53.422573,53.68183,54.0022,54.470276,54.651733,54.972176,55.123707,55.369102,55.286556,55.21319,54.776157,54.462154,54.309364,54.187057,54.04596,53.83933,53.94616,53.976902,53.92719,53.678883,53.425785,53.65908,53.95963,54.10555,54.07946,54.22332,53.908493,53.733295,53.720665,53.796257,53.69584,53.90999,54.008904,54.1469,54.307453,54.41452,54.197044,54.22218,54.564785,55.31971,55.496716,55.40045,55.23597,55.034744,54.393593,53.993347,54.086258,54.30394,54.432304,54.335716,54.23386,54.57121,54.706627,54.71012,54.67086,55.202053,55.263542,55.570312,55.606735,55.763657
2.35,0.01,324.53,KMS_S10_31-60,56.305984,56.296406,56.030727,55.280487,55.059418,54.812077,54.72187,54.518654,54.276108,54.145023,53.592037,53.32141,53.413254,53.446777,53.13935,53.025383,53.24454,53.26614,53.255154,53.27885,53.040607,53.20198,53.35998,53.293484,53.096203,53.534306,53.526646,53.250202,52.929764,53.20072,53.15476,53.178917,53.15152,53.462418,53.83727,54.22922,54.46225,54.678143,54.680645,54.817455,54.758488,54.71999,54.38677,54.08676,53.9082,53.857643,53.771,53.38731,53.3154,53.430454,53.38855,53.080963,52.75083,53.11161,53.56688,53.70337,53.606163,53.70028,53.42615,53.212967,53.2134,53.116154,52.899223,53.09732,53.273163,53.393208,53.59711,53.730476,53.565464,53.635937,53.944035,54.719963,54.840595,54.65096,54.36239,54.25229,53.7135,53.43153,53.41587,53.414394,53.509644,53.41327,53.30972,53.534626,53.667583,53.59462,53.51415,54.069393,54.26951,54.67195,54.81012,54.987206
2.24,10.76,774.18,KMS_S11_00-30,59.21794,58.989933,58.71307,58.283348,58.13389,57.898888,57.745396,57.495007,57.2843,57.13993,56.885418,56.675106,56.626835,56.577717,56.415867,56.279816,56.36152,56.2423,56.226074,56.28644,56.305798,56.38073,56.386623,56.351254,56.24614,56.53954,56.543415,56.44852,56.345016,56.542244,56.394154,56.36657,56.29391,56.66642,56.94849,57.420616,57.52932,57.75602,57.847755,58.17136,58.14056,58.034817,57.618313,57.235275,57.028225,56.89624,56.73067,56.517353,56.565235,56.552643,56.45342,56.334484,56.06472,56.24989,56.552273,56.7389,56.660667,56.672832,56.406624,56.234688,56.27469,56.39267,56.36755,56.4599,56.514618,56.678265,56.81128,56.8301,56.567905,56.65238,56.8992,57.468792,57.448177,57.311382,57.09782,56.885582,56.17479,55.617355,55.55243,55.688572,55.84156,55.918465,55.85004,56.126263,56.278522,56.439434,56.464256,56.886158,56.91508,57.2041,57.439068,57.597317
1.52,0.77,754.63,KMS_S11_31-60,68.61471,68.62798,68.46792,67.96716,67.871605,67.66858,67.500084,67.252205,67.07275,67.02294,66.856285,66.843956,66.90108,66.869225,66.59029,66.45141,66.67265,66.70756,66.71121,66.72905,66.69364,66.75425,66.855286,66.84492,66.81655,67.0402,67.00307,66.86642,66.77186,66.965996,66.812706,66.85131,67.01918,67.469604,67.99662,68.52389,68.94056,69.18404,69.18112,69.214386,69.25984,69.30141,68.94487,68.42305,68.02535,67.75549,67.69998,67.46622,67.38443,67.3679,67.48193,67.35764,67.08212,67.175125,67.40556,67.40208,67.30379,67.34173,67.19138,67.046265,67.14274,67.087296,66.83525,66.842445,67.07249,67.202835,67.38248,67.46373,67.41457,67.39081,67.536575,67.81538,67.532974,67.079926,66.66457,66.19592,65.25996,64.73824,64.812225,65.069466,65.44312,65.39639,65.35647,65.56476,65.96313,65.96711,66.001175,66.45479,66.731476,67.01406,67.200294,67.465355
1.85,7.03,125.12,KMS_S12_00-30,60.582794,60.45956,60.214657,59.683777,59.553402,59.41312,59.317146,59.04531,58.84904,58.725094,58.505917,58.278336,58.247322,58.136227,57.882965,57.756832,57.90556,57.853077,57.90458,57.927128,57.852455,57.999928,58.165825,58.04644,57.907097,58.203182,58.25899,58.182003,58.006756,58.044353,57.928463,57.96322,57.843517,58.130703,58.63224,59.234848,59.416378,59.69583,59.88619,60.121643,60.021996,59.90405,59.44153,59.053444,58.798927,58.66601,58.52164,58.24216,58.24157,58.244713,58.27524,58.002098,57.733112,58.02923,58.28558,58.38506,58.300007,58.538315,58.25368,58.051537,57.956875,57.92585,57.948437,58.220104,58.309284,58.28313,58.260212,58.28249,58.133263,58.292274,58.59599,59.218872,59.18132,58.811584,58.3961,58.141212,57.42093,56.913357,56.872486,57.152557,57.228767,57.21565,57.04623,57.453228,57.622494,57.67463,57.609173,58.183224,58.388775,58.70216,58.847633,59.079697
1.01,6.14,363.63,KMS_S12_31-60,68.999214,68.96194,68.75067,68.159836,68.05108,67.95306,67.900024,67.831924,67.73176,67.673454,67.40472,67.36447,67.48431,67.36318,67.03738,66.89672,67.14666,67.19876,67.21443,67.154076,66.93815,67.10615,67.32499,67.23328,67.05339,67.46363,67.633545,67.513824,67.32099,67.42767,67.39148,67.47547,67.618774,68.029396,68.56597,69.052505,69.38887,69.549835,69.603584,69.86168,70.02778,69.94564,69.547775,69.11739,68.81283,68.5701,68.40567,67.999664,67.955055,68.05662,68.11653,67.83325,67.46795,67.68617,68.10952,68.25728,68.117386,68.19059,67.96414,67.731636,67.677475,67.65108,67.50919,67.56582,67.687195,67.84313,68.083275,68.182274,68.00151,67.97711,68.14256,68.65794,68.45739,67.85766,67.24953,66.68013,65.777016,65.37845,65.50373,65.61967,65.89602,66.1541,66.39122,66.777,67.00871,67.06799,66.99241,67.42948,67.669395,68.17537,68.37957,68.5954
1.81,12.08,770.27,KMS_S13_00-30,58.653683,58.511364,58.252876,57.674667,57.5528,57.518623,57.461613,57.224716,56.952522,56.79122,56.53226,56.326225,56.269684,56.11456,55.938625,55.94113,56.21196,56.083073,56.0499,56.051575,56.003975,56.08671,56.242615,56.187065,55.99572,56.373116,56.435177,56.31856,56.03656,56.105045,55.95472,56.070602,56.115105,56.38794,56.81717,57.298134,57.50022,57.799564,58.005184,58.27649,58.182858,57.990124,57.530315,57.203712,57.01883,56.86306,56.724094,56.547817,56.57385,56.647152,56.54596,56.312428,56.03499,56.30409,56.693096,56.90217,56.81774,56.843365,56.60396,56.410236,56.333275,56.367393,56.462597,56.699505,56.71644,56.71293,56.829033,57.054935,56.881165,56.896847,57.144855,57.878544,57.801365,57.626495,57.572643,57.51546,56.723362,56.191147,56.25531,56.475502,56.57013,56.56035,56.35997,56.603493,56.74878,56.91356,56.883213,57.351788,57.452293,57.733116,57.944942,58.148804
1.44,0.14,813.28,KMS_S13_31-60,64.68866,64.56,64.31987,63.779236,63.699883,63.58511,63.4257,63.201912,62.958687,62.82066,62.566074,62.51102,62.53531,62.379177,62.241917,62.261013,62.484283,62.40866,62.365166,62.351746,62.277813,62.430695,62.499,62.42476,62.31051,62.694668,62.828968,62.700054,62.435863,62.461067,62.42602,62.450455,62.61405,62.91951,63.501785,63.953724,64.31746,64.383255,64.4664,64.67111,64.79589,64.77659,64.42495,63.979237,63.58024,63.43057,63.351322,63.006344,62.965893,63.075806,63.058624,62.708286,62.36685,62.568283,62.95869,63.098076,63.071796,63.185093,62.98404,62.711838,62.73216,62.705368,62.504784,62.57082,62.793667,62.919857,63.009403,63.10712,62.937416,62.98607,63.123592,63.673447,63.48978,63.103603,62.576103,62.010296,61.09136,60.618317,60.711933,60.87861,61.0985,61.063416,61.15632,61.384575,61.615158,61.63448,61.794823,62.291138,62.576916,62.916195,63.082935,63.236423
1.52,0.22,531.76,KMS_S14_00-30,65.387535,65.22101,64.96627,64.47268,64.304825,64.213936,64.016014,63.85721,63.629383,63.42711,63.139618,63.013042,63.035175,62.907078,62.806805,62.78492,62.98198,62.82611,62.689552,62.556324,62.439396,62.60273,62.830738,62.84653,62.628235,63.0219,63.171005,63.059628,62.58927,62.72431,62.76989,62.921852,62.88908,63.186607,63.627132,63.937443,64.222725,64.43043,64.59778,64.70374,64.77496,64.64486,64.34128,63.979454,63.68565,63.492992,63.23706,63.00393,63.009155,63.19729,63.167423,62.925568,62.600117,62.827103,63.310623,63.34008,63.02701,62.987057,62.829197,62.62836,62.548862,62.513596,62.443073,62.520187,62.779037,62.952923,63.01068,62.993484,62.860134,63.078125,63.445988,64.028076,63.856197,63.33244,62.92684,62.523735,61.791893,61.319695,61.30665,61.424805,61.659866,61.75853,61.737133,62.010048,62.21971,62.198536,62.195927,62.78969,63.16751,63.499336,63.468433,63.44302
0.54,5.08,582.59,KMS_S14_31-60,71.39483,71.299355,71.05226,70.46877,70.284065,70.204544,70.070206,69.99707,69.863235,69.67424,69.25495,69.22477,69.423485,69.40846,69.16015,69.0125,69.15554,69.01721,69.0159,69.12668,69.02953,69.09923,69.16201,69.19963,69.079994,69.399155,69.49287,69.37799,69.22605,69.31318,69.274055,69.23738,69.33839,69.68513,70.333176,70.8301,71.18377,71.2193,71.36726,71.68188,71.81187,71.69037,71.23737,70.84436,70.42836,70.23833,70.0802,69.67253,69.51762,69.62441,69.66322,69.36511,69.12018,69.395294,69.75,69.86952,69.83116,69.94863,69.65912,69.38736,69.33147,69.36977,69.27321,69.307846,69.37775,69.46499,69.61035,69.70774,69.66536,69.80021,69.984634,70.47581,70.238625,69.70654,69.00436,68.23204,67.09088,66.58206,66.64194,66.79687,66.98252,67.05857,67.158226,67.51999,67.77825,67.7861,67.85784,68.42201,68.74171,68.996284,69.27589,69.54115
3.43,11.95,805.46,KMS_S15_00-30,61.842026,61.869267,61.70068,61.108658,60.957558,60.927708,60.742455,60.48321,60.350716,60.388676,60.0685,59.72991,59.639576,59.663143,59.665966,59.638817,59.73555,59.635166,59.69157,59.738586,59.812057,59.833817,59.803165,59.652023,59.698116,60.0424,59.966255,59.81268,59.679707,59.935726,59.866215,59.954617,59.902264,60.209976,60.69752,61.328053,61.50347,61.677193,61.85376,62.23327,62.215664,62.07036,61.5756,61.208897,60.993313,60.833317,60.61117,60.445183,60.503685,60.511406,60.458763,60.392136,60.24214,60.408016,60.571205,60.61675,60.58428,60.658398,60.405323,60.286865,60.466953,60.487804,60.344185,60.507423,60.683113,60.75553,60.694977,60.774864,60.676422,60.743935,60.94294,61.38736,61.28608,60.952522,60.75727,60.39123,59.584526,58.97173,58.94843,59.172127,59.443493,59.589214,59.461605,59.628952,59.7461,59.991066,60.124596,60.57608,60.669136,60.95238,61.175755,61.41038
0.94,8.25,805.46,KMS_S15_31-60,68.95365,68.94088,68.72906,68.116554,67.94685,67.77626,67.68892,67.64048,67.50236,67.37095,67.093254,67.06894,67.0868,66.97263,66.7753,66.7102,66.89051,66.90337,66.87374,66.839935,66.75121,66.96322,67.14016,67.122406,67.01409,67.27024,67.37538,67.32807,67.23068,67.27053,67.22229,67.28117,67.444626,67.8546,68.47923,68.91332,69.23264,69.38315,69.62198,69.82574,69.91985,69.76388,69.41403,68.942345,68.533585,68.29345,68.16698,67.8498,67.82206,67.982475,68.04962,67.772736,67.48196,67.6777,67.98342,68.116425,68.064,68.157745,67.92184,67.72418,67.680855,67.63736,67.492,67.47736,67.67413,67.77988,67.96381,68.069565,68.00224,67.92997,68.03556,68.51261,68.33864,67.74654,67.15531,66.51142,65.550995,65.032715,65.1516,65.47088,65.89031,66.11836,66.23746,66.643326,66.936745,66.9428,66.985634,67.637886,67.945145,68.25589,68.45917,68.70693
1.56,0.29,578.68,KMS_S16_00-30,69.06604,68.97613,68.76243,68.319786,68.10157,68.117004,68.10179,67.86783,67.62312,67.73418,67.603615,67.43012,67.33089,67.348976,67.18968,67.144615,67.22992,67.20333,67.16259,67.24659,67.15395,67.194115,67.20754,67.19981,67.08135,67.3018,67.327034,67.31742,67.20983,67.29542,67.26565,67.38563,67.40183,67.67759,68.16234,68.71888,68.97699,69.239876,69.50547,69.84428,69.84286,69.62393,69.09422,68.66251,68.33496,68.07861,67.86317,67.73736,67.7225,67.67583,67.66338,67.52774,67.28051,67.355034,67.60055,67.749054,67.72274,67.80437,67.51893,67.34077,67.29521,67.436424,67.390305,67.54875,67.55103,67.61422,67.59946,67.65271,67.501755,67.57304,67.76542,68.17552,67.895546,67.25594,66.60881,66.10403,65.215775,64.51479,64.473854,64.665184,64.8977,65.008545,65.10738,65.53343,65.76245,65.8384,65.83195,66.32857,66.55514,66.921265,67.19879,67.39063
1.21,1.83,805.46,KMS_S16_31-60,68.73579,68.57876,68.29839,67.75071,67.5416,67.33682,67.29516,67.268,67.05299,66.87835,66.54207,66.55883,66.62151,66.523926,66.26918,66.150955,66.28912,66.26244,66.28163,66.2337,66.09508,66.31111,66.45967,66.34926,66.12203,66.49989,66.717674,66.666245,66.44172,66.55798,66.53523,66.57138,66.6623,67.0382,67.49678,67.87329,68.25553,68.44008,68.58605,68.714355,68.81492,68.719734,68.42784,67.9653,67.54899,67.338425,67.19017,66.78797,66.79272,67.01775,67.08246,66.6772,66.343834,66.45905,66.84053,66.948715,67.03057,67.13943,66.86984,66.554665,66.57116,66.58379,66.361565,66.36805,66.577415,66.7589,66.89524,66.897514,66.912125,66.993645,67.09116,67.596115,67.55771,67.093605,66.290825,65.57112,64.63275,64.25524,64.23162,64.224976,64.33606,64.42594,64.53398,64.98151,65.27262,65.32436,65.219185,65.73383,66.01322,66.54135,66.773506,67.014626
1.23,0.84,516.12,KMS_S17_00-30,69.56421,69.55232,69.345146,68.78406,68.57697,68.70765,68.77111,68.62274,68.48225,68.31777,68.072266,67.99682,68.163124,67.96031,67.83247,67.91628,68.13578,67.94411,67.69535,67.708084,67.761055,67.94919,68.0945,68.07177,67.89641,68.17473,68.322365,68.39209,68.10806,68.187965,68.15382,68.31765,68.397415,68.729225,69.1711,69.62807,69.999016,70.26708,70.42069,70.705284,70.78077,70.65226,70.27314,69.86943,69.50247,69.24471,68.93756,68.70074,68.73575,68.91885,68.86367,68.6305,68.34637,68.59089,69.06857,69.15971,68.89493,68.79431,68.619415,68.40091,68.317635,68.28313,68.17741,68.20863,68.4411,68.63994,68.75136,68.73669,68.56698,68.55438,68.790276,69.31931,69.01388,68.18769,67.43491,66.82846,65.82269,65.22105,65.21637,65.53486,65.80253,65.9969,66.13802,66.56496,66.69111,66.77538,66.811806,67.42475,67.780045,68.276215,68.27048,68.32378
1.24,0.04,484.84,KMS_S17_31-60,68.920784,68.698814,68.41756,67.91455,67.90027,67.70375,67.56257,67.44498,67.40109,67.26288,66.93018,66.77436,66.93423,66.96131,66.85087,66.68606,66.80251,66.748055,66.7333,66.71324,66.56692,66.79733,67.00941,66.99901,66.85824,67.19657,67.29857,67.13447,66.946236,67.03538,67.06158,67.11354,67.268166,67.599266,68.13696,68.576454,68.94959,69.09922,69.22607,69.455,69.51131,69.44537,69.06997,68.66621,68.19518,67.92992,67.773415,67.50626,67.55031,67.689316,67.668816,67.31876,67.02995,67.24754,67.58937,67.70799,67.64504,67.75627,67.559456,67.30748,67.26464,67.245346,67.03925,67.02068,67.22903,67.38976,67.48543,67.55969,67.4904,67.60068,67.65251,68.012146,67.68144,67.17997,66.4759,65.66778,64.57712,64.05811,64.06992,64.16026,64.50257,64.729294,64.97797,65.32941,65.55313,65.499596,65.491325,66.080315,66.423256,66.92597,67.16503,67.415726
2.38,6.16,911.03,KMS_S18_00-30,55.114544,55.12683,54.91137,54.296013,54.05147,53.894417,53.789238,53.522842,53.159306,52.901196,52.57711,52.5466,52.491096,52.242188,52.07062,52.23091,52.426296,52.151344,51.918144,51.971558,51.92281,52.081017,52.130207,52.165546,51.979633,52.371094,52.353848,52.296505,51.936794,52.114212,51.94954,52.027473,51.959354,52.279415,52.54166,52.775936,52.940914,53.228115,53.39982,53.524803,53.480194,53.472683,53.28057,52.983536,52.755016,52.561855,52.44391,52.247677,52.312126,52.399067,52.45091,52.320663,51.990223,52.287167,52.728325,52.79578,52.500427,52.536682,52.36683,52.205757,52.1776,52.11738,52.055138,52.200523,52.381927,52.44366,52.65657,52.774544,52.718338,52.8101,53.179245,53.77239,53.724,53.564625,53.492405,53.217247,52.35328,51.942352,51.883846,51.96973,52.006866,52.03833,51.76532,52.04072,52.231037,52.33535,52.33956,52.90606,53.100456,53.2747,53.34021,53.543484
1.23,0.04,821.1,KMS_S18_31-60,59.56248,59.540462,59.31176,58.645306,58.538033,58.32237,58.25213,58.032036,57.790993,57.622276,57.26262,57.05848,57.108326,56.964886,56.769985,56.68093,56.88491,56.664055,56.587936,56.648502,56.64921,56.8396,56.936375,56.866985,56.66656,57.119034,57.135445,56.94575,56.6692,56.91352,56.75314,56.753143,56.849285,57.215446,57.570198,57.9061,58.20611,58.4941,58.527866,58.669052,58.687363,58.75564,58.321674,57.965565,57.697277,57.599327,57.52215,57.200115,57.148605,57.283123,57.297657,56.966045,56.580112,56.894676,57.302887,57.27404,57.229176,57.386925,57.22027,56.938454,56.986076,56.853577,56.569565,56.62893,56.842438,56.944458,57.07937,57.213005,57.176975,57.15228,57.175205,57.88404,57.93053,57.61228,57.10307,56.567924,55.58304,55.102085,55.155716,55.17574,55.311203,55.31388,55.30811,55.58295,55.824593,55.82428,55.895317,56.5095,56.87198,57.30587,57.533478,57.69844
1.88,8.8,508.3,KMS_S19_00-30,55.061188,54.973034,54.764828,54.30011,54.175354,53.94069,53.73334,53.459713,53.282307,53.11246,52.877144,52.61411,52.490303,52.333214,52.19554,52.104015,52.20504,52.022556,52.02847,52.19717,52.280605,52.41659,52.432728,52.36999,52.2597,52.608543,52.55858,52.384556,52.13901,52.27599,52.139328,52.163948,52.09581,52.38724,52.673782,53.12419,53.28513,53.589016,53.726025,54.033245,53.985004,53.860607,53.428715,53.132725,53.04621,52.84166,52.69648,52.431885,52.62137,52.629845,52.62568,52.352734,52.11773,52.28079,52.60376,52.765255,52.745617,52.946537,52.70894,52.51701,52.474888,52.53468,52.48442,52.71424,52.94509,52.999153,53.06028,53.197247,53.1115,53.22084,53.533936,54.31932,54.44873,54.46855,54.433735,54.429886,53.979263,53.64162,53.60367,53.56834,53.638603,53.60322,53.495724,53.76644,53.853577,53.830296,53.683907,54.08296,54.14912,54.442474,54.57952,54.75567
2.8,12.38,488.75,KMS_S19_31-60,52.01366,51.97457,51.742954,51.092823,50.91325,50.64931,50.470047,50.288567,49.890137,49.628315,49.1839,48.984215,48.87804,48.74638,48.544266,48.57396,48.849438,48.653316,48.46094,48.486828,48.49078,48.596996,48.670925,48.577076,48.43574,48.787083,48.878197,48.615444,48.235664,48.348137,48.278187,48.214108,48.079697,48.384792,48.740147,49.065933,49.23349,49.532635,49.563625,49.694115,49.592316,49.575787,49.2858,49.062443,48.793537,48.659363,48.677032,48.46588,48.500977,48.596672,48.654552,48.30625,47.85906,48.1307,48.67626,48.86945,48.686596,48.807796,48.487984,48.264328,48.226856,48.23301,47.98298,48.128937,48.335327,48.440083,48.608707,48.697906,48.640236,48.77246,49.089127,49.876274,50.061703,50.05879,49.77484,49.537903,48.890465,48.66003,48.57328,48.387985,48.36112,48.277378,48.164658,48.30743,48.493454,48.536396,48.58109,49.202446,49.491806,49.800175,49.85233,49.994904
2.22,0.35,426.19,KMS_S20_00-30,57.646847,57.615494,57.40188,56.87766,56.590458,56.4431,56.28001,56.009087,55.77364,55.858757,55.574997,55.324757,55.155064,55.101536,54.900124,54.76136,54.917336,54.8371,54.873196,54.900146,55.00071,55.076206,55.022808,54.959843,54.75047,55.14263,55.129623,55.088535,54.801765,54.982967,54.837765,54.90443,54.893642,55.16677,55.453175,55.98555,56.225502,56.522835,56.635754,56.896275,56.85313,56.759377,56.328743,55.941463,55.67372,55.558212,55.538124,55.35905,55.367905,55.331177,55.255764,55.046772,54.817154,55.028873,55.330807,55.482628,55.44422,55.53652,55.363117,55.20267,55.147774,55.118298,55.00785,55.20933,55.39066,55.55431,55.68898,55.742275,55.67049,55.651543,55.871048,56.486805,56.541294,56.386112,56.221508,56.08071,55.364044,54.885296,54.900608,55.03211,55.05975,54.89883,54.722736,54.99821,55.16774,55.29313,55.34478,55.813118,55.868057,56.110477,56.28298,56.655876
2.02,0.41,11.73,KMS_S20_31-60,53.227566,53.11495,52.820435,52.073025,52.024452,51.875854,51.679024,51.369602,51.0321,50.796005,50.3165,50.233986,50.2464,50.15659,49.79166,49.7434,49.95751,49.896202,49.760532,49.764904,49.58892,49.79796,49.901997,49.87577,49.658752,50.075554,50.133183,49.916233,49.601788,49.715557,49.628635,49.60012,49.488007,49.701557,50.140217,50.577076,50.643322,50.739033,50.848915,51.054134,50.983932,50.993782,50.716553,50.461193,50.157223,50.108967,50.07272,49.850857,49.759228,49.923115,50.034058,49.782253,49.29766,49.598217,50.065147,50.13228,49.947353,50.14974,49.850986,49.697685,49.798946,49.843777,49.50061,49.52857,49.64334,49.7919,50.029575,50.20443,50.1748,50.25391,50.420982,51.201115,51.33853,51.217537,50.984142,50.82228,50.16096,49.682102,49.57289,49.506134,49.751247,49.670086,49.448586,49.664997,50.057533,50.13384,50.07755,50.563908,50.82133,51.173176,51.34573,51.445038
1.11,6.01,1169.09,LU_S01_00-30,66.275536,66.24678,66.07141,65.60838,65.43603,65.484276,65.45312,65.32391,65.01778,65.066536,65.0438,65.01715,64.921234,64.82292,64.75537,64.830124,65.02339,64.95464,65.05496,65.172356,65.01161,65.051476,65.37501,65.43624,65.28085,65.62617,65.73722,65.66685,65.46151,65.81612,65.79481,65.95882,66.03389,66.373985,66.82137,67.33603,67.706406,67.9441,68.207146,68.38119,68.48977,68.49089,68.210724,67.84762,67.64089,67.40734,67.132935,66.84434,66.963104,66.99316,66.92948,66.63679,66.49393,66.64719,66.89848,66.91678,66.85904,67.096954,66.96733,66.752106,66.66487,66.68144,66.60632,66.68862,66.7775,66.7689,66.920105,67.0292,66.95035,66.83574,66.8694,67.01061,66.567726,65.956924,65.40022,64.74022,63.512203,62.702393,62.57804,62.97132,63.43869,63.704475,63.95503,64.50078,64.738014,64.73344,64.808105,65.31019,65.61835,66.02284,66.43241,66.728905
0.63,4.9,461.38,LU_S01_31-60,67.63002,67.30184,66.99906,66.613945,66.53256,66.45539,66.54401,66.43548,66.08461,65.98989,65.97728,65.880165,65.8482,65.82404,65.81461,65.79558,66.02642,65.88941,65.94494,66.02368,65.99771,66.192055,66.421616,66.44039,66.23538,66.623184,66.746796,66.72267,66.57389,66.69464,66.7402,66.86413,66.95941,67.180016,67.78233,68.34594,68.65523,68.768715,68.924065,69.33794,69.39851,69.235405,68.69408,68.48011,68.21998,68.086975,67.75066,67.47851,67.492294,67.58684,67.551926,67.418495,67.33317,67.46198,67.57207,67.61797,67.75887,67.92004,67.70157,67.24147,67.15305,67.04025,67.077385,67.13828,67.201195,67.290245,67.325386,67.26369,67.00668,67.10393,67.075386,67.0561,66.476006,65.73981,64.97232,64.08899,62.9647,62.301003,62.3783,62.695427,63.02296,63.294373,63.56926,64.02152,64.24044,64.4451,64.635315,65.19807,65.52066,65.98132,66.185844,66.53801
1.63,7.65,551.31,LU_S02_00-30,70.07529,69.9919,69.802826,69.33764,69.279854,69.269875,69.4369,69.35961,69.16076,69.10785,69.061615,68.97678,69.0005,69.00294,68.969185,68.97138,69.20404,69.151505,69.165474,69.17158,69.15555,69.42326,69.63119,69.61236,69.40814,69.76528,69.91138,70.09552,69.98433,69.968216,69.9722,70.258545,70.39641,70.61352,71.29188,71.81732,72.142395,72.244705,72.48358,72.871284,73.022484,72.824455,72.27233,72.06631,71.83928,71.63632,71.33395,71.08836,71.062454,71.070724,71.156265,71.061226,70.94301,70.99882,71.21429,71.3676,71.44741,71.50733,71.28142,70.90636,70.8176,70.71203,70.69466,70.816185,71.01721,71.140305,71.030655,71.01198,70.8113,70.82434,70.71543,70.72417,70.07971,69.216736,68.40914,67.622086,66.42821,65.80477,65.808846,66.183334,66.5537,66.85562,67.15648,67.4925,67.74461,68.00959,68.27794,68.79136,69.16049,69.58375,69.80427,70.1674
0.69,8.84,203.32,LU_S02_31-60,76.65156,76.81156,76.802704,76.42481,76.43813,76.56249,76.53371,76.451035,76.48147,76.5816,76.51175,76.43363,76.43733,76.530304,76.60214,76.69264,76.883835,76.91255,76.89614,76.9442,76.970406,77.30424,77.469734,77.513885,77.434654,77.77632,77.93701,77.90727,77.80099,77.89133,78.10451,78.35258,78.61745,78.950806,79.56567,80.08315,80.60628,80.86081,81.28186,81.715614,81.90872,81.67729,81.244446,80.8867,80.519684,80.18557,79.802826,79.58166,79.53102,79.64103,79.65278,79.61308,79.46137,79.63172,79.83516,79.94247,80.0258,80.09024,79.85608,79.54267,79.42457,79.31148,79.173325,79.25072,79.29829,79.20338,78.99446,78.89643,78.60992,78.48796,78.11949,77.72378,76.74337,75.51188,74.24352,72.72333,71.3122,70.37893,70.44184,70.63075,71.296005,71.83355,72.175446,72.4395,72.812485,73.18322,73.555916,74.17188,74.7035,75.25093,75.66801,76.06534
0.66,1.59,129.03,LU_S03_00-30,71.85745,71.75607,71.5479,71.081924,70.9369,70.888985,70.90224,70.81742,70.57644,70.48562,70.44956,70.38552,70.393845,70.40349,70.38426,70.34498,70.326866,70.37852,70.49015,70.659325,70.47538,70.50302,70.68894,70.7518,70.63835,70.928856,71.04967,71.02915,70.910866,71.255226,71.32142,71.39666,71.434975,71.703476,72.27115,72.851974,73.29296,73.48826,73.75729,73.96972,74.04561,73.97847,73.67815,73.28996,72.981476,72.688934,72.433044,72.11316,72.17257,72.242645,72.35159,72.071686,71.87308,71.9249,72.13167,72.19844,72.26123,72.49008,72.34705,72.217445,72.08314,72.00306,71.79135,71.92611,72.07724,72.229576,72.28455,72.32374,72.271355,72.36485,72.4787,72.52588,71.99481,71.165924,70.41916,69.58602,68.39781,67.56523,67.4175,67.667946,68.006454,68.224686,68.48461,68.874374,69.17406,69.27706,69.40865,69.911606,70.31439,70.79785,71.05137,71.33533
0.58,3.52,129.03,LU_S03_31-60,69.616745,69.48783,69.26208,68.83012,68.61847,68.49377,68.43156,68.362236,68.19776,68.10126,67.98102,67.956856,67.9941,67.84861,67.724525,67.81362,67.89543,67.82643,67.899506,68.108475,67.954216,67.85106,68.02755,68.18144,68.1226,68.41893,68.42241,68.390976,68.281586,68.61891,68.570564,68.69342,68.809845,69.10305,69.63692,70.12874,70.57189,70.77189,71.03999,71.19244,71.33982,71.284805,70.88062,70.54161,70.30314,70.048256,69.83845,69.53607,69.61677,69.66683,69.764404,69.48409,69.29087,69.425644,69.71554,69.904106,69.898994,70.09746,69.96021,69.77515,69.644585,69.58047,69.49141,69.721344,69.91558,69.95727,70.06803,70.26246,70.237434,70.18081,70.26217,70.36748,69.935036,69.29634,68.646065,67.78083,66.48073,65.66484,65.65868,66.12543,66.56478,66.70431,66.89365,67.29688,67.4036,67.44564,67.60349,68.1138,68.50365,69.09724,69.57139,69.80022
2.08,4.43,410.55,LU_S04_00-30,67.78659,67.93218,67.853294,67.3351,67.241905,67.25947,67.270805,67.00906,66.93259,67.07348,67.09415,66.84203,66.84857,66.840965,66.84954,66.74249,66.90239,66.87698,66.855835,66.87216,66.883675,67.24874,67.425285,67.31865,67.10652,67.46549,67.65353,67.53953,67.35568,67.54332,67.62249,67.74307,67.81951,68.28739,68.860115,69.29165,69.601105,69.87838,70.18415,70.52812,70.61149,70.38968,69.92133,69.55623,69.26689,69.0493,68.81248,68.566055,68.561005,68.69364,68.63249,68.4829,68.25565,68.52314,68.81667,68.91973,68.97395,69.18318,69.099205,68.737144,68.553375,68.47715,68.423515,68.55263,68.66978,68.69814,68.705376,68.72832,68.6045,68.69225,68.88051,69.09762,68.584435,68.00916,67.4403,66.93172,65.971634,65.45752,65.42642,65.63432,66.02251,66.29174,66.42222,66.57683,66.79566,66.90522,67.058945,67.52652,67.8527,68.12751,68.20033,68.32454
1.98,0.22,285.43,LU_S04_31-60,65.86155,65.85265,65.70098,65.20928,65.10746,65.1378,65.05608,64.85126,64.60912,64.63833,64.48252,64.31408,64.317535,64.37335,64.32858,64.293274,64.47399,64.46495,64.39172,64.40635,64.335396,64.682945,64.88771,64.943924,64.741005,65.15212,65.34668,65.24807,64.948715,65.10776,65.24857,65.4669,65.518875,65.85484,66.32221,66.78564,67.16161,67.360756,67.61696,67.94438,68.10272,67.8605,67.36565,67.10437,66.95771,66.772835,66.486755,66.269196,66.277016,66.3764,66.36214,66.146164,65.8672,66.20793,66.625404,66.66072,66.625084,66.83727,66.62811,66.18252,66.03395,66.072815,66.063416,66.21024,66.34629,66.358444,66.37725,66.361946,66.19201,66.27718,66.4307,66.70591,66.25568,65.65964,65.06781,64.53664,63.57489,62.919983,62.947598,63.243042,63.64952,63.75968,63.713043,63.944195,64.306915,64.48882,64.48205,64.95905,65.29836,65.64808,65.75368,65.86898
1.66,2.59,281.52,LU_S05_00-30,68.33181,68.17248,67.99656,67.68253,67.67446,67.64374,67.57525,67.3739,67.19626,67.31802,67.29265,67.20636,67.20873,67.09712,66.9661,66.922035,67.22643,67.22295,67.32495,67.338974,67.43018,67.59072,67.73715,67.64129,67.50427,67.86493,68.11115,68.196686,68.08354,68.131966,68.172485,68.307274,68.43238,68.610664,69.22056,69.813614,70.19332,70.33185,70.55677,70.983665,70.997986,70.742584,70.20355,70.02386,69.80747,69.59038,69.22653,69.03591,69.10134,69.20567,69.160385,69.07827,68.93764,69.05171,69.21814,69.29929,69.27888,69.30352,69.10069,68.85489,68.8108,68.71761,68.65605,68.82712,68.95684,68.93705,68.8881,68.89511,68.7789,68.75556,68.76116,68.67437,68.04898,67.16133,66.3466,65.51893,64.387955,63.76035,63.72273,64.06214,64.33152,64.76832,64.92973,65.33316,65.44985,65.82599,66.01292,66.62104,66.82673,67.35753,67.6959,68.07833
1.06,1.88,144.67,LU_S05_31-60,72.470215,72.43295,72.29124,71.85921,71.88896,72.00788,72.01493,71.90212,71.76746,71.82975,71.83273,71.87715,71.8498,71.86516,71.813225,71.91308,72.06802,72.12141,72.2574,72.4248,72.35898,72.39145,72.69133,72.828156,72.76015,73.08727,73.168015,73.18261,73.10102,73.57361,73.67439,73.83952,73.90479,74.24503,74.84075,75.40723,75.83589,76.08345,76.461426,76.757515,76.775,76.730484,76.39104,76.109055,75.809875,75.54194,75.2253,74.92677,75.04595,75.06771,75.11017,74.924934,74.80024,74.80748,74.88417,75.02653,75.02792,75.19827,75.071724,74.869255,74.61687,74.49911,74.44104,74.54087,74.65737,74.61912,74.58329,74.601616,74.43486,74.245674,73.942696,73.55558,72.508804,71.47804,70.568344,69.4588,67.72213,66.76141,66.74915,67.39633,67.85416,68.27127,68.65596,69.308914,69.63773,69.71223,69.88593,70.46262,70.992836,71.60238,72.08752,72.3944
1.23,0.01,222.87,LU_S06_00-30,62.038044,61.81712,61.53086,60.959644,60.972702,60.867542,60.718216,60.427895,60.193172,60.177773,60.046795,59.73553,59.726257,59.686367,59.561703,59.563946,59.875935,59.68427,59.52229,59.56564,59.63175,59.845737,60.092278,59.990578,59.75855,60.201023,60.31832,60.2736,60.04207,60.376297,60.291965,60.307213,60.303513,60.69283,61.17509,61.577396,61.92002,62.200333,62.43463,62.621273,62.55099,62.526836,62.34856,62.126236,61.84597,61.520462,61.20261,60.96706,61.100674,61.13665,60.984203,60.854797,60.669067,60.953762,61.33339,61.436172,61.36929,61.507523,61.254593,61.04466,60.989555,61.029762,60.877403,61.02904,60.936054,60.96283,61.004837,61.00268,60.66489,60.772587,60.75847,60.981804,60.50502,60.127075,59.67761,59.26202,58.322693,57.915043,58.01478,58.323048,58.5984,58.671165,58.570526,59.188274,59.562088,59.695236,59.43449,60.021103,60.406155,61.167595,61.443092,61.600513
1.98,2.24,520.03,LU_S06_31-60,61.4966,61.491966,61.353294,60.940605,60.812134,60.675262,60.4667,60.189102,59.96153,59.96931,59.88615,59.71269,59.646915,59.50764,59.425407,59.491913,59.67912,59.515488,59.42866,59.526897,59.598335,59.825127,60.05529,60.00375,59.909534,60.23565,60.37377,60.28141,60.08325,60.27691,60.30093,60.4843,60.55075,60.92808,61.31933,61.759743,62.077614,62.39605,62.63011,62.854362,62.96782,62.90922,62.57458,62.23316,62.05171,61.7393,61.448925,61.323875,61.488018,61.53004,61.510235,61.336777,61.08455,61.25035,61.593323,61.6904,61.673256,61.8644,61.656033,61.496807,61.484116,61.467106,61.30512,61.480484,61.5431,61.49652,61.379463,61.41029,61.357403,61.49012,61.469185,61.569622,61.298542,60.838085,60.308334,59.834843,59.020725,58.670097,58.762234,59.109806,59.339066,59.486694,59.516644,59.975395,60.300518,60.384445,60.224335,60.786827,61.244156,61.781693,61.791424,61.986763
1.85,0.04,703.8,LU_S07_00-30,64.98358,65.0764,64.971466,64.44475,64.394684,64.288506,64.15005,63.917183,63.730305,63.70144,63.505413,63.387863,63.385593,63.379078,63.281193,63.376717,63.607807,63.504135,63.423515,63.40781,63.415554,63.58134,63.815857,63.796486,63.746532,64.11885,64.23167,64.14862,63.95408,64.01306,64.00741,64.1772,64.26132,64.57537,65.176956,65.686646,65.9772,66.1899,66.48674,66.72384,66.75506,66.62949,66.37079,66.134346,65.884315,65.516396,65.12266,64.93681,65.08932,65.22983,65.06428,64.82856,64.60179,64.86817,65.26145,65.31939,65.3347,65.425896,65.18447,64.94357,64.93976,64.98498,64.833626,64.90531,64.84103,64.97273,65.122185,65.23394,64.97565,65.06904,65.07402,65.20131,64.67717,64.14497,63.702393,63.195145,62.355103,61.797462,61.791897,61.901794,62.231472,62.37527,62.451317,62.914684,63.319702,63.38752,63.24146,63.778896,64.2125,64.68107,64.88461,65.14073
1.16,0.69,113.39,LU_S07_31-60,68.71799,68.669785,68.49376,68.01065,67.856255,67.758385,67.74469,67.60055,67.324394,67.24783,67.259766,67.1187,67.13264,67.037895,66.95728,66.98565,67.27268,67.08272,66.9009,66.91665,67.03552,67.15417,67.3236,67.26021,67.21453,67.531555,67.59271,67.530815,67.3576,67.531,67.54195,67.67622,67.64531,68.03346,68.66388,69.15638,69.510445,69.76738,70.012,70.1794,70.2765,70.1667,69.84084,69.44905,69.06244,68.656555,68.350624,68.26881,68.42637,68.41626,68.259026,68.10544,67.91494,68.10021,68.43334,68.56971,68.56715,68.59346,68.29548,68.09499,68.135475,68.09981,67.92601,67.99994,68.062164,68.158424,68.12469,68.19201,68.012825,68.149605,68.119545,68.267006,67.86749,67.3168,66.65012,65.84655,64.903854,64.47452,64.5662,64.8173,65.072815,65.25271,65.32422,65.91852,66.25465,66.30409,66.16834,66.718094,67.13203,67.64353,67.88159,68.162224
0.81,3.8,148.58,LU_S08_00-30,66.08494,65.87802,65.58046,65.02432,64.90439,64.76618,64.584595,64.32934,64.16993,64.161705,63.958485,63.734882,63.756226,63.742603,63.758152,63.748177,63.94588,63.73105,63.73781,63.781776,63.84624,63.962765,64.135475,64.11447,64.03082,64.308044,64.39923,64.3432,64.12606,64.27035,64.29044,64.4183,64.40791,64.76878,65.28297,65.73678,66.01467,66.251465,66.488045,66.652565,66.71001,66.64228,66.43435,66.144135,65.90438,65.51362,65.12921,64.896835,65.06236,65.22411,65.09725,64.88808,64.60093,64.837105,65.13224,65.29668,65.20862,65.197014,64.89198,64.706856,64.72733,64.78387,64.724174,64.77005,64.771164,64.69109,64.62176,64.541405,64.4896,64.50945,64.425705,64.36633,63.881695,63.171627,62.292847,61.380093,60.328064,59.818817,59.736668,59.982132,60.199745,60.444054,60.49831,61.037323,61.31414,61.518627,61.48121,62.114017,62.578194,63.12405,63.323895,63.72831
1.23,4.26,125.12,LU_S08_31-60,68.04784,67.91365,67.68081,67.15592,67.05102,66.99383,66.809296,66.547226,66.27265,66.298676,66.16699,66.00454,66.068855,66.07148,65.85865,65.780075,65.99701,65.90061,65.766685,65.84932,65.8774,66.018715,66.22615,66.299904,66.20973,66.54002,66.54483,66.49596,66.24356,66.3639,66.276886,66.448166,66.432175,66.78733,67.34955,67.81562,68.182304,68.531364,68.79221,68.835304,68.89221,68.85279,68.59957,68.24309,67.91556,67.47105,67.069,66.87798,67.10937,67.17114,66.977425,66.71249,66.45523,66.8166,67.19242,67.327545,67.17821,67.349625,67.07107,66.861465,66.81183,66.78914,66.71515,66.82275,66.93623,66.97978,66.99199,66.9365,66.6757,66.80501,66.82748,67.12778,66.699684,66.15736,65.419945,64.625404,63.486633,62.855816,62.824852,63.038513,63.296604,63.444767,63.45313,63.94955,64.35608,64.5048,64.34793,64.75461,65.168144,65.88587,66.302505,66.50518
2.6,0.04,660.79,LU_S09_00-30,66.94209,66.88022,66.69736,66.16349,66.21277,66.197624,66.20841,66.087875,65.97819,65.9299,65.761955,65.69323,65.80526,65.88116,65.79991,65.931984,66.252846,66.10469,66.05817,66.220375,66.305786,66.50323,66.77128,66.91453,66.82226,67.2284,67.367134,67.33996,67.17321,67.376144,67.45159,67.55332,67.68095,68.15298,68.86777,69.3792,69.76501,70.06024,70.35491,70.67751,70.926895,70.92068,70.5759,70.21535,69.9285,69.60744,69.358376,69.0802,69.28285,69.46971,69.37374,69.05175,68.831,69.20895,69.64442,69.784,69.73455,69.84631,69.678185,69.384834,69.33395,69.30471,69.2986,69.44035,69.560104,69.58997,69.50544,69.463234,69.25981,69.39518,69.363,69.515114,69.06059,68.53476,67.93642,67.30366,66.37447,65.807945,65.89603,66.30354,66.776306,66.90875,66.909256,67.429184,67.81736,67.99106,67.798706,68.40203,68.773186,69.516785,69.71738,70.0159
2.19,0.76,418.37,LU_S09_31-60,61.89512,62.037033,61.935253,61.376114,61.271736,61.191666,61.16692,60.878887,60.69736,60.694332,60.60005,60.46542,60.49473,60.487083,60.44349,60.478584,60.670937,60.565636,60.569687,60.65645,60.796513,61.03959,61.205097,61.155964,61.157036,61.63813,61.716034,61.57114,61.421597,61.72808,61.862236,62.034363,62.068848,62.35015,62.809406,63.326298,63.78292,64.189316,64.3299,64.427795,64.5356,64.51994,64.31003,64.04795,63.876343,63.558865,63.327232,63.177097,63.270245,63.39366,63.354458,63.212402,62.927227,63.23065,63.56475,63.64954,63.561035,63.671375,63.63341,63.60615,63.617943,63.46982,63.237263,63.2993,63.34553,63.437042,63.464443,63.56524,63.454388,63.337864,63.16831,63.187283,62.74486,62.14342,61.621597,60.94617,59.927666,59.35624,59.27182,59.503017,59.835835,60.12504,60.073685,60.407436,60.531204,60.64805,60.76189,61.35112,61.65955,62.129593,62.448387,62.854225
1.39,5.62,809.37,LU_S10_00-30,66.87013,66.82538,66.648575,66.154,66.12503,66.09782,65.90019,65.63384,65.4487,65.44036,65.230354,65.1592,65.265114,65.26413,65.05962,65.03344,65.20606,65.09447,65.025826,65.08157,65.10617,65.32852,65.56521,65.44755,65.24297,65.58486,65.74004,65.69722,65.49025,65.68301,65.73433,65.77223,65.83362,66.16639,66.78078,67.21315,67.61416,67.91684,68.180954,68.39599,68.401245,68.344025,68.01124,67.65706,67.37507,66.998604,66.63182,66.34584,66.54593,66.615265,66.48999,66.34783,66.121346,66.39009,66.6961,66.78467,66.58775,66.673134,66.44645,66.267914,66.25888,66.25232,66.12018,66.30257,66.410225,66.468254,66.469826,66.43392,66.25685,66.3825,66.449715,66.61555,66.28294,65.778534,65.17003,64.52772,63.716114,63.26602,63.3514,63.588642,64.00534,64.23248,64.30616,64.735245,64.99994,64.935974,64.73327,65.2948,65.77013,66.275566,66.4348,66.703255
0.67,0.1,461.38,LU_S10_31-60,65.49589,65.36832,65.1444,64.6894,64.59944,64.436905,64.27459,63.938015,63.67797,63.630283,63.490578,63.28086,63.257687,63.26593,63.21446,63.199085,63.288162,63.062183,62.98893,63.022316,63.068245,63.168427,63.332054,63.229424,63.163406,63.401535,63.39827,63.286793,63.13594,63.246372,63.269974,63.431263,63.443027,63.678337,64.13447,64.61865,65.02641,65.29661,65.42767,65.451584,65.44439,65.362564,65.17397,64.85161,64.52107,64.09821,63.78544,63.598625,63.698994,63.712776,63.610577,63.439327,63.250057,63.475697,63.7738,63.7785,63.68311,63.814503,63.652477,63.45604,63.4132,63.43106,63.260582,63.357704,63.434402,63.560726,63.551636,63.56164,63.336792,63.42428,63.471172,63.710663,63.516193,63.05678,62.38526,61.63787,60.802155,60.285606,60.17665,60.389202,60.731087,60.980534,60.90838,61.24278,61.38734,61.56913,61.5282,62.110428,62.5262,63.12926,63.275974,63.39884
1.51,0.38,1356.77,LU_S11_00-30,69.5782,69.38629,69.133026,68.6114,68.61454,68.5721,68.410385,68.142365,67.866844,67.93854,67.954865,67.95338,68.05641,68.09444,67.90712,67.88483,68.13116,67.97417,67.94168,68.08293,68.11235,68.19635,68.39948,68.513725,68.42109,68.74762,68.83412,68.814804,68.593735,68.81768,68.93524,69.06959,69.10927,69.47801,70.112526,70.62238,70.943245,71.229256,71.54011,71.78101,71.75361,71.68416,71.44817,71.201584,70.778465,70.374565,70.07431,69.88184,70.003,70.022545,69.87866,69.657455,69.53835,69.76204,70.11844,70.24532,70.28438,70.39903,70.08405,69.73436,69.76744,69.900024,69.8641,69.95627,69.98025,69.98475,69.92369,69.99348,69.8429,70.0029,69.88973,70.12229,69.70721,69.24127,68.64576,68.18862,67.384346,67.04183,67.22077,67.59389,67.873276,67.90703,67.82901,68.41006,68.76925,68.83623,68.60988,69.13043,69.493126,70.01718,70.095245,70.30819
1.02,1.12,1364.59,LU_S11_31-60,59.340675,59.10386,58.809467,58.351025,58.15528,57.90737,57.78411,57.55702,57.29501,57.236816,57.071743,56.827877,56.793438,56.80484,56.693195,56.65222,56.828037,56.61306,56.43456,56.49661,56.63229,56.697,56.857666,56.837605,56.760914,57.018974,57.123123,57.00056,56.827045,56.985508,56.983932,57.03963,57.023018,57.247097,57.703217,58.122646,58.420822,58.629803,58.86924,58.969112,58.941826,58.911026,58.694122,58.39984,58.146725,57.913437,57.645817,57.46536,57.595936,57.61148,57.508465,57.321144,57.056534,57.36468,57.76282,57.790337,57.696278,57.946884,57.79299,57.472622,57.419353,57.39908,57.271446,57.365147,57.45567,57.512817,57.52254,57.575188,57.395386,57.562195,57.731487,58.254974,58.101463,57.79688,57.311665,56.889362,56.09794,55.72489,55.682922,55.844334,55.94046,55.976883,55.860332,56.23647,56.393795,56.43716,56.323414,56.874958,57.301178,57.81369,57.91499,58.03123
3.14,4.7,1305.94,LU_S12_00-30,69.278275,69.07208,68.82653,68.39193,68.29438,68.21179,68.08435,67.86847,67.4933,67.479095,67.479294,67.52905,67.53426,67.50137,67.39721,67.48335,67.60231,67.385025,67.2856,67.3516,67.3459,67.45876,67.681305,67.69185,67.61175,67.97732,68.10659,68.06968,67.893936,68.08262,68.03151,68.12923,68.19457,68.59939,69.178345,69.63254,69.91549,70.17854,70.442856,70.63107,70.68597,70.66033,70.42753,70.15879,69.80068,69.31938,68.96386,68.77575,68.84213,68.879814,68.82667,68.661224,68.416985,68.685165,69.01235,69.06536,69.02859,69.135925,68.85704,68.60825,68.60292,68.57185,68.40295,68.55492,68.56839,68.49466,68.37676,68.394875,68.159134,68.18362,68.20632,68.4152,67.9302,67.2354,66.349976,65.4292,64.39392,63.909016,63.861454,64.0512,64.379875,64.64197,64.71188,65.30138,65.580475,65.66842,65.53021,66.18009,66.6337,67.307,67.52925,67.75815
1.09,2.1,535.67,LU_S12_31-60,76.25493,76.22529,76.12339,75.8052,75.87427,75.73645,75.77203,75.64093,75.513054,75.46601,75.49163,75.52373,75.610695,75.6798,75.63056,75.64497,75.701,75.661964,75.66202,75.663055,75.71234,75.95137,76.24019,76.20131,76.16443,76.40899,76.51571,76.504,76.45113,76.61141,76.69281,76.94654,77.00197,77.373955,77.98367,78.67874,79.059845,79.35309,79.60374,79.856094,79.9211,79.826515,79.50989,79.15296,78.79925,78.36673,77.95343,77.65922,77.74087,77.82982,77.81435,77.62474,77.498375,77.68092,77.85807,77.86692,77.88691,77.9097,77.621704,77.40306,77.40068,77.437836,77.42054,77.464966,77.38747,77.327644,77.17765,77.15191,76.936844,77.06284,76.86766,76.73039,75.91313,75.03872,73.866905,72.72535,71.32779,70.62674,70.690735,71.21942,71.65586,72.05789,72.33592,72.88229,73.21544,73.38786,73.31123,73.88337,74.555466,75.24824,75.41258,75.623375
2.24,0.04,336.26,LU_S13_00-30,64.98447,64.93057,64.751755,64.29863,64.176414,64.02893,63.99141,63.784714,63.527035,63.50388,63.438408,63.3092,63.240715,63.145397,63.081005,63.28871,63.607346,63.444874,63.287346,63.278645,63.33668,63.530346,63.782078,63.769985,63.66377,64.012695,64.14777,64.168884,63.93061,64.08045,64.04417,64.16887,64.21194,64.68112,65.28303,65.68018,65.91984,66.23831,66.54294,66.800316,66.84897,66.76488,66.375374,66.07929,65.84819,65.50174,65.14515,64.986336,65.12042,65.17756,65.08174,64.90219,64.67814,65.01361,65.35553,65.39914,65.24856,65.3595,65.06577,64.90541,64.905914,64.95369,64.84303,64.989716,64.97109,64.92332,64.92979,64.99205,64.88935,65.009476,65.01996,65.09526,64.751854,64.304886,63.603897,62.815205,61.98943,61.602737,61.555584,61.67324,61.93443,62.152634,62.297035,62.84863,63.073196,63.135906,63.026237,63.51642,63.841236,64.405975,64.67492,64.93333
1.42,0.01,121.21,LU_S13_31-60,67.52551,67.46215,67.283875,66.827774,66.77605,66.620285,66.505905,66.23085,66.044975,66.02239,65.97475,65.8754,65.94371,65.97743,65.86228,65.863396,66.01772,65.97485,65.83364,65.89217,65.84681,66.016846,66.17138,66.20412,66.1581,66.533264,66.69991,66.595345,66.36042,66.507034,66.65451,66.794716,66.83872,67.20036,67.796906,68.23655,68.57455,68.81587,69.08149,69.31378,69.38396,69.27647,69.02042,68.74099,68.38204,67.91542,67.5574,67.38795,67.56185,67.57085,67.3961,67.229416,67.110695,67.386475,67.60958,67.67576,67.559715,67.58751,67.34141,67.102684,67.15253,67.19565,67.16021,67.13659,67.16446,67.23185,67.286804,67.26838,66.98689,66.97938,66.95509,67.13565,66.579414,65.899,65.15102,64.42702,63.385677,62.88453,62.930027,63.270473,63.62335,63.93526,63.98473,64.48372,64.76878,64.966064,64.86809,65.50241,66.00343,66.686775,66.912735,67.204704
0.88,3.06,735.08,LU_S14_00-30,67.64451,67.45447,67.1874,66.67561,66.48832,66.394066,66.319885,66.21908,65.931786,65.90355,65.81346,65.75708,65.70285,65.80196,65.699715,65.821495,65.908905,65.84238,65.6901,65.706276,65.718994,65.97093,66.272316,66.20399,66.11212,66.40137,66.5581,66.610344,66.47107,66.56721,66.54968,66.66606,66.58879,66.83072,67.376785,67.94631,68.36682,68.6872,68.89453,69.10734,69.17108,69.11211,68.88673,68.6122,68.261284,67.76615,67.42275,67.215706,67.30691,67.36575,67.35081,67.18937,66.97953,67.25029,67.58411,67.61164,67.48251,67.536224,67.25756,67.01127,66.9915,67.00126,66.89287,66.91757,66.857635,66.811775,66.83174,66.89324,66.63092,66.51765,66.28823,66.30486,65.7008,65.034805,64.12534,63.072666,61.804054,61.205143,61.215843,61.45679,61.74267,61.92491,62.046204,62.700005,63.091183,63.19329,63.148556,63.70569,64.28618,65.01086,65.32207,65.56867
1.04,8.17,695.98,LU_S14_31-60,71.30823,71.11636,70.87877,70.4295,70.41763,70.311066,70.14862,70.03476,69.9127,69.838585,69.657684,69.570694,69.59054,69.68384,69.66973,69.737595,69.899925,69.79462,69.77319,69.785576,69.78672,70.04469,70.269875,70.18689,69.97565,70.22724,70.36288,70.46327,70.39914,70.542046,70.63099,70.80631,70.759544,71.10317,71.779144,72.31367,72.55819,72.77643,73.09426,73.37249,73.552666,73.52204,73.18176,72.7911,72.44242,72.03314,71.71779,71.50597,71.65584,71.65135,71.53716,71.29565,71.08801,71.304695,71.63501,71.77883,71.73484,71.77034,71.53216,71.350105,71.28791,71.36694,71.261894,71.35764,71.2955,71.32636,71.204834,71.23022,71.066414,71.13247,70.921364,70.91883,70.30236,69.5371,68.543625,67.55078,66.344795,65.74905,65.754135,66.00923,66.34372,66.7629,67.04289,67.66036,67.99033,68.13426,67.9215,68.52291,69.09602,69.88109,70.08254,70.45355
